region_name,Shape *,SOURCE_ID,TFR,female_workers,foreigner_households,childcare_centers,population_density,net_migration_rate,local_population_growth,foreign_marriage_rate,Shape_Length,Shape_Area,Intercept,Std. Error (INTRCPT),Pseudo-T (INTRCPT),Significance (INTRCPT),Coefficient (FEMALE_WORKERS),Std. Error (FEMALE_WORKERS),Pseudo-T (FEMALE_WORKERS),Significance (FEMALE_WORKERS),Coefficient (FOREIGNER_HOUSEHOLDS),Std. Error (FOREIGNER_HOUSEHOLDS),Pseudo-T (FOREIGNER_HOUSEHOLDS),Significance (FOREIGNER_HOUSEHOLDS),Coefficient (CHILDCARE_CENTERS),Std. Error (CHILDCARE_CENTERS),Pseudo-T (CHILDCARE_CENTERS),Significance (CHILDCARE_CENTERS),Coefficient (POPULATION_DENSITY),Std. Error (POPULATION_DENSITY),Pseudo-T (POPULATION_DENSITY),Significance (POPULATION_DENSITY),Coefficient (NET_MIGRATION_RATE),Std. Error (NET_MIGRATION_RATE),Pseudo-T (NET_MIGRATION_RATE),Significance (NET_MIGRATION_RATE),Coefficient (LOCAL_POPULATION_GROWTH),Std. Error (LOCAL_POPULATION_GROWTH),Pseudo-T (LOCAL_POPULATION_GROWTH),Significance (LOCAL_POPULATION_GROWTH),Coefficient (FOREIGN_MARRIAGE_RATE),Std. Error (FOREIGN_MARRIAGE_RATE),Pseudo-T (FOREIGN_MARRIAGE_RATE),Significance (FOREIGN_MARRIAGE_RATE),Predicted (TFR),Residual,Std Residual,Influence,Cook's D,Condition Number,Local R-Squared,Number of Neighbors
Sokcho-si,Polygon,1,0.761,12,479,17.6,390.421311,-0.866199,0.003326,0.045886,44078.53209,110103062.8,1.177834,0.181375,6.493908,1,-0.001019,0.000772,-1.320313,0,-0.000025,0.000016,-1.584818,0,0.007343,0.009899,0.741823,0,-0.000035,0.000011,-3.130544,1,0.007459,0.0259,0.287989,0,-3.772982,5.82978,-0.647191,0,-5.108984,1.484178,-3.4423,1,1.015804,-0.254804,-1.992836,0.129201,0.012,43124956.22,0.525005,63
Yangyang-gun,Polygon,3,0.824,5,165,13.1,23.818499,0.85112,0.006088,0.0625,113092.6146,643293586,1.142723,0.190488,5.998908,1,-0.000508,0.000901,-0.564251,0,-0.000037,0.000019,-1.926615,0,0.00696,0.010093,0.689604,0,-0.000035,0.000012,-2.896922,1,0.003003,0.025874,0.116064,0,-3.41334,5.791132,-0.589408,0,-4.465645,1.363442,-3.275273,1,0.927097,-0.103097,-0.964465,0.391351,0.01218,30559206.63,0.476038,63
Gangneung-si,Polygon,4,0.846,53.3,1552,17.6,99.593679,-0.789915,0.003193,0.046888,168826.331,1078675749,1.14663,0.184555,6.212958,1,0.000183,0.000878,0.208493,0,-0.000044,0.000023,-1.858887,0,0.001947,0.009966,0.19537,0,-0.000042,0.000014,-3.028669,1,0.00264,0.027924,0.094537,0,-4.091558,5.604643,-0.73003,0,-3.15293,1.196387,-2.635375,0,0.955892,-0.109892,-0.897448,0.201333,0.004135,16438128.83,0.391568,63
Donghae-si,Polygon,5,0.949,19.3,338,20.9,239.365167,-0.844076,0.002543,0.07635,68430.71541,194350239.2,1.182389,0.162526,7.275053,1,0.000016,0.00058,0.027464,0,-0.000034,0.000023,-1.47145,0,-0.004445,0.008834,-0.503176,0,-0.000059,0.000021,-2.784146,1,0.020691,0.029464,0.702227,0,-5.244881,5.48192,-0.95676,0,-1.743254,1.13799,-1.531871,0,0.900312,0.048688,0.379942,0.125294,0.000421,13100745.87,0.383861,63
Samcheok-si,Polygon,6,1.201,15.8,296,20.8,28.354831,-1.163205,-0.000445,0.056555,179041.8137,1196028224,1.197271,0.1542,7.764415,1,-0.000166,0.000429,-0.385986,0,-0.000015,0.000019,-0.804332,0,-0.008813,0.008377,-1.05197,0,-0.000112,0.000066,-1.704005,0,0.0381,0.030257,1.259225,0,-5.665259,5.349724,-1.058982,0,-0.726558,1.142653,-0.635851,0,0.920883,0.280117,2.229564,0.159212,0.019169,13461005.78,0.406955,63
Taebaek-si,Polygon,7,0.698,7,118,20.7,67.173232,-2.03661,0.002608,0.068376,94156.0058,310739824,1.232198,0.156617,7.867584,1,-0.000191,0.000386,-0.494957,0,-0.000012,0.000016,-0.721793,0,-0.012275,0.008639,-1.420949,0,-0.000088,0.000053,-1.670068,0,0.041836,0.029786,1.404541,0,-5.443908,5.247434,-1.037442,0,-0.373885,1.147232,-0.325902,0,0.844501,-0.146501,-1.271106,0.292436,0.013599,14118641.18,0.426371,63
Uljin-gun,Polygon,8,1.053,10,314,14.2,25.672305,0.317311,0.002553,0.055147,166209.5607,998686773,1.166689,0.149422,7.808023,1,-0.000143,0.000465,-0.306986,0,0,0.000017,-0.022188,0,-0.011126,0.008028,-1.385887,0,-0.000058,0.00004,-1.439632,0,0.066377,0.030838,2.152458,0,-6.472465,4.926004,-1.313938,0,0.330443,1.162909,0.284152,0,1.028428,0.024572,0.201605,0.208728,0.000218,16599166.95,0.481737,63
Yeongdeok-gun,Polygon,9,0.864,22,306,13.3,26.497851,-0.481622,-0.00081,0.068027,127687.7193,748129773.2,1.185657,0.162422,7.299875,1,-0.000011,0.00052,-0.02196,0,-0.000006,0.000018,-0.355673,0,-0.017025,0.008495,-2.004031,0,-0.000058,0.000019,-2.995372,1,0.059458,0.027113,2.192988,0,-2.042951,4.714258,-0.433356,0,1.339356,1.095268,1.222856,0,1.019624,-0.155624,-1.290712,0.225638,0.009886,20798164.92,0.557084,63
Pohang-si,Polygon,10,0.848,255,1970,17,206.546058,-0.909666,0.006718,0.045537,228648.7799,1148390936,1.1308,0.140004,8.076896,1,0.000149,0.000471,0.315991,0,-0.000012,0.000015,-0.78998,0,-0.021253,0.007946,-2.674696,1,-0.000055,0.000012,-4.644896,1,0.022581,0.024521,0.920864,0,4.140552,4.296491,0.963705,0,2.231661,0.981106,2.274639,0,0.882252,-0.034252,-0.425786,0.655293,0.007018,23358014.02,0.641088,63
Gyeongju-si,Polygon,11,0.909,21,5764,16.5,94.367936,-0.541031,0.004435,0.06212,188442.4733,1299889713,1.096589,0.136932,8.008265,1,0.000233,0.000448,0.51979,0,-0.000012,0.000014,-0.829935,0,-0.021228,0.008105,-2.619261,0,-0.000053,0.000012,-4.567378,1,0.009184,0.024072,0.381521,0,6.178524,4.168427,1.48222,0,2.201078,0.979148,2.247954,0,0.83814,0.07086,0.612396,0.286839,0.003072,23139590.67,0.656103,63
Yangsan-si,Polygon,12,0.93,21,2191,16.7,558.369344,-2.960223,0.00817,0.027964,54552.2306,159217640.5,1.073059,0.139031,7.718136,1,0.000274,0.000443,0.619497,0,-0.000011,0.000014,-0.79268,0,-0.020441,0.008197,-2.493524,0,-0.000051,0.000012,-4.350923,1,0.002939,0.024018,0.122378,0,6.806395,4.204982,1.61865,0,2.068251,1.006641,2.054608,0,0.789608,0.140392,1.304499,0.383056,0.021517,24652807.09,0.647645,63
Inje-gun,Polygon,13,0.806,50,2763,19.2,326.017263,1.00353,0.017595,0.051684,99216.58445,492592477.1,1.041473,0.138755,7.505815,1,0.000371,0.000444,0.835821,0,-0.000011,0.000014,-0.83102,0,-0.017068,0.007986,-2.137101,0,-0.00005,0.000012,-4.307573,1,0.001599,0.022983,0.069558,0,7.170729,3.95292,1.814033,0,1.36657,0.985776,1.386289,0,0.88292,-0.07692,-0.611883,0.158237,0.001433,21828037.95,0.619066,63
Pyeongchang-gun,Polygon,14,1.355,5,250,16.6,10.241721,-0.583785,0.00938,0.033898,215129.0311,1626308488,1.20961,0.172707,7.003818,1,-0.001379,0.000693,-1.991131,0,-0.000017,0.000014,-1.196887,0,0.005284,0.009669,0.54653,0,-0.000035,0.00001,-3.381147,1,0.004406,0.024276,0.181512,0,-3.141564,5.497024,-0.571503,0,-4.989497,1.528202,-3.264947,1,1.0847,0.2703,2.339673,0.289066,0.045326,48958613.44,0.564442,63
Jeongseon-gun,Polygon,15,0.754,8,322,17.5,15.026031,0.331924,0.00301,0.092511,206794.0196,1443592900,1.121833,0.184302,6.086941,1,0.000113,0.000614,0.184755,0,-0.000032,0.000018,-1.751038,0,0.000461,0.010121,0.045566,0,-0.00004,0.000011,-3.595919,1,-0.006972,0.024051,-0.289891,0,-2.877541,5.049118,-0.56991,0,-2.542544,1.232565,-2.062807,0,0.873711,-0.119711,-0.972873,0.1935,0.004624,18076701.8,0.400016,63
Yanggu-gun,Polygon,16,0.971,7,144,18.9,15.819649,-2.016903,-0.012594,0.06044,182243.6466,1196381166,1.201924,0.163495,7.351448,1,0.000032,0.000487,0.065532,0,-0.000025,0.000018,-1.376203,0,-0.007263,0.009157,-0.793079,0,-0.000052,0.000015,-3.41004,1,0.014904,0.02734,0.545124,0,-4.510041,5.182823,-0.87019,0,-1.444208,1.153089,-1.252469,0,0.999901,-0.028901,-0.263767,0.360523,0.000799,14206954.96,0.386601,63
Hwacheon-gun,Polygon,17,1.278,4,231,16.3,15.141811,-2.371017,-0.006127,0.044586,128523.3836,719166588.8,1.305378,0.154243,8.463125,1,-0.001843,0.000639,-2.882803,1,-0.000002,0.000011,-0.14758,0,0.000227,0.008886,0.025567,0,-0.000038,0.000009,-4.075969,1,0.000375,0.023632,0.01587,0,-2.053684,5.340818,-0.384526,0,-5.199104,1.58012,-3.290322,1,1.080649,0.197351,1.659114,0.246341,0.018323,70603266.35,0.65125,63
Chuncheon-si,Polygon,18,1.271,4,148,20.1,13.306834,-2.804514,-0.005118,0.024242,152343.2547,1035494978,1.379673,0.146387,9.424806,1,-0.001762,0.000603,-2.922419,1,0.000004,0.000008,0.437421,0,-0.006707,0.008141,-0.823886,0,-0.000042,0.000009,-4.927326,1,-0.007266,0.019658,-0.369615,0,-0.199025,4.439025,-0.044835,0,-4.511449,1.573455,-2.867226,1,1.149819,0.121181,1.191623,0.449141,0.023577,76753254.61,0.72829,63
Dongducheon-si,Polygon,19,0.789,15,1848,18.3,121.467311,0.492996,0.013691,0.04175,197369.5023,1125704584,1.358571,0.14244,9.537871,1,-0.001749,0.000575,-3.044194,1,0.000002,0.000008,0.282812,0,-0.009769,0.007792,-1.253828,0,-0.00004,0.000008,-5.098434,1,-0.006715,0.017337,-0.387349,0,-0.406462,3.924731,-0.103564,0,-3.030726,1.526115,-1.985909,0,1.017487,-0.228487,-1.915868,0.242402,0.023917,55106017.6,0.726094,63
Pocheon-si,Polygon,20,0.661,37,1218,32.5,452.105922,-5.504312,-0.013804,0.101449,40349.96176,91630676.82,0.952238,0.133188,7.149589,1,-0.000075,0.000215,-0.348228,0,0.000004,0.000004,1.179153,0,0.000186,0.007694,0.024131,0,-0.000032,0.000006,-5.263322,1,0.008654,0.0147,0.588684,0,-0.815709,3.307012,-0.24666,0,-2.842025,1.725023,-1.647528,0,0.621716,0.039284,0.41246,0.516807,0.003706,55456843.46,0.669827,63
Hongcheon-gun,Polygon,21,0.783,73,4382,24,88.247902,-3.302871,-0.007653,0.093168,157259.7039,820724458.8,1.057408,0.131842,8.020284,1,-0.000317,0.000248,-1.274827,0,0.000004,0.000004,1.042508,0,-0.002193,0.007628,-0.287536,0,-0.000036,0.000006,-5.959115,1,0.001305,0.014583,0.089504,0,0.184968,3.286007,0.05629,0,-3.106787,1.651851,-1.880791,0,0.70133,0.08167,0.696213,0.267014,0.003596,55609682.88,0.719092,63
Gapyeong-gun,Polygon,22,1.118,13,446,22.1,19.034047,-0.390241,0.002434,0.090293,279287.0625,1834139849,1.215056,0.163693,7.422789,1,-0.001331,0.000632,-2.104677,0,-0.000012,0.000012,-1.004613,0,-0.001303,0.008795,-0.148147,0,-0.000035,0.000009,-3.977719,1,-0.005111,0.01886,-0.270975,0,-1.905258,4.437844,-0.429321,0,-3.063598,1.439371,-2.128428,0,0.883638,0.234362,1.944015,0.225849,0.022453,39770386.87,0.585564,63
Hoengseong-gun,Polygon,23,0.723,11,410,22.8,38.782501,2.198982,0.014499,0.067669,151311.1793,831431320.8,1.100509,0.139205,7.905679,1,-0.000675,0.000434,-1.554124,0,0.000004,0.000005,0.691939,0,-0.004903,0.00776,-0.631786,0,-0.000036,0.000007,-5.365629,1,-0.001333,0.015201,-0.087699,0,0.446568,3.393442,0.131597,0,-2.411112,1.595027,-1.511643,0,0.821829,-0.098829,-0.787814,0.161761,0.002439,49949446.1,0.712791,63
Yangpyeong-gun,Polygon,24,0.924,9,450,21.8,23.982105,1.166973,0.005933,0.104348,176901.9958,992131500.5,1.107199,0.180564,6.131894,1,-0.000309,0.000439,-0.702619,0,-0.000017,0.000012,-1.422908,0,-0.004644,0.009956,-0.46648,0,-0.000037,0.000009,-3.980689,1,-0.017876,0.019723,-0.90634,0,-0.601246,4.456538,-0.134913,0,-0.986051,1.510555,-0.652774,0,0.867189,0.056811,0.512073,0.344389,0.002805,29887570.86,0.514183,63
Gwangju-si,Polygon,25,0.897,46,631,14.6,70.496926,5.822588,0.033836,0.057018,161525.6152,873215995.9,0.905871,0.162311,5.581101,1,-0.00024,0.000527,-0.455537,0,-0.000002,0.000007,-0.233892,0,-0.006211,0.00825,-0.75285,0,-0.000029,0.000007,-3.863679,1,0.002479,0.016249,0.15258,0,0.829773,3.720885,0.223004,0,0.695839,1.658302,0.419609,0,0.883325,0.013675,0.1251,0.363474,0.000182,40286653.75,0.669505,63
Wonju-si,Polygon,26,0.783,111,4992,17.9,397.323194,4.724881,0.002041,0.055784,106686.0543,422868722.2,0.962618,0.152573,6.309239,1,-0.000166,0.000273,-0.608558,0,0.000003,0.000004,0.959309,0,-0.002569,0.007912,-0.324737,0,-0.000029,0.000006,-4.589785,1,0.006149,0.015369,0.400119,0,0.306453,3.419168,0.089628,0,-2.261791,1.799735,-1.256736,0,0.807327,-0.024327,-0.247071,0.483616,0.001164,46249855.21,0.658955,63
Yeongwol-gun,Polygon,27,0.873,65,2003,16.5,197.562692,0.790542,0.014933,0.044664,174902.0148,872875805.3,1.005016,0.19712,5.098493,1,-0.000036,0.000318,-0.113672,0,-0.000007,0.000008,-0.898084,0,-0.009733,0.010355,-0.939941,0,-0.000035,0.000009,-3.714439,1,-0.010299,0.018693,-0.550961,0,1.302239,4.297225,0.303042,0,0.847254,1.591398,0.532396,0,0.869671,0.003329,0.028296,0.262701,0.000006,35870505.71,0.601642,63
Icheon-si,Polygon,28,0.939,89,152,18.1,18.868728,-0.047001,-0.000564,0.091503,231125.8175,1109782908,1.227713,0.162282,7.565296,1,-0.000037,0.000369,-0.101486,0,-0.000014,0.000014,-1.000812,0,-0.011889,0.009158,-1.29815,0,-0.000053,0.000015,-3.493476,1,0.017091,0.025336,0.674571,0,-4.185159,4.798218,-0.872232,0,-0.764137,1.181906,-0.64653,0,0.937721,0.001279,0.010545,0.217055,0.000001,16834229.47,0.422094,63
Eumseong-gun,Polygon,29,0.851,44,3150,17.7,224.713676,-0.331429,0.01145,0.058522,110567.6871,459230029.8,0.934334,0.172935,5.402795,1,-0.000002,0.000278,-0.007702,0,-0.000001,0.000004,-0.211358,0,-0.006963,0.009241,-0.753553,0,-0.000032,0.000007,-4.76941,1,-0.000659,0.015581,-0.042311,0,2.191262,3.580695,0.611965,0,0.124171,1.416507,0.08766,0,0.833833,0.017167,0.14161,0.217156,0.000113,47518294.58,0.762327,63
Chungju-si,Polygon,30,0.797,25,3931,24.3,93.238742,-0.493486,0.002878,0.105016,124949.0847,513131568.2,1.046263,0.180263,5.804075,1,0.000028,0.000268,0.102796,0,-0.000002,0.000006,-0.367168,0,-0.012111,0.009908,-1.222358,0,-0.000041,0.00001,-4.051535,1,-0.011609,0.016899,-0.686984,0,4.182793,3.682146,1.135966,0,0.010693,1.58811,0.006733,0,0.759751,0.037249,0.351765,0.40272,0.001699,49239458.46,0.686795,63
Jecheon-si,Polygon,31,0.942,40,2257,16.3,104.060841,0.571747,0.012891,0.069335,177497.0777,990140289.4,1.140157,0.176497,6.459913,1,0.000017,0.00029,0.059962,0,-0.000005,0.000008,-0.567878,0,-0.012127,0.009593,-1.264161,0,-0.00005,0.000013,-3.745009,1,-0.009171,0.01981,-0.462972,0,1.535474,4.126346,0.372115,0,-0.569845,1.614577,-0.352937,0,0.902759,0.039241,0.319241,0.195178,0.000503,39076756.03,0.610592,63
Danyang-gun,Polygon,32,0.922,32.1,747,15.4,74.819573,-0.086314,0.0092,0.05799,187818.1224,866832576.8,1.211864,0.177858,6.813649,1,-0.000026,0.000307,-0.083458,0,-0.000006,0.00001,-0.60511,0,-0.014408,0.009635,-1.495372,0,-0.000052,0.000014,-3.600642,1,0.004404,0.021474,0.205098,0,-1.726658,4.294972,-0.402019,0,-0.439198,1.341992,-0.327273,0,0.939019,-0.017019,-0.138446,0.195115,0.000095,26702904.21,0.537207,63
Yeongju-si,Polygon,33,0.751,2,116,26.3,19.571458,1.558408,0.012464,0.073171,136832.6831,764467255.5,1.283754,0.16058,7.994491,1,-0.000122,0.000299,-0.409118,0,-0.000006,0.000011,-0.507567,0,-0.017934,0.008812,-2.035152,0,-0.000067,0.000033,-2.036607,0,0.029,0.024336,1.191644,0,-4.032513,4.519153,-0.892316,0,-0.096264,1.159175,-0.083045,0,0.797761,-0.046761,-0.528895,0.583641,0.007985,19753790.92,0.522042,63
Bonghwa-gun,Polygon,34,0.863,21,402,17.5,76.412024,0.785641,0.015001,0.089463,133200.0519,679311995.3,1.295803,0.146997,8.815167,1,-0.000173,0.000262,-0.658863,0,-0.000004,0.000012,-0.345064,0,-0.019423,0.008094,-2.399629,0,-0.000068,0.000034,-1.999794,0,0.046861,0.0266,1.761681,0,-4.754558,4.632765,-1.026289,0,0.329723,1.111179,0.296733,0,0.940437,-0.077437,-0.63684,0.212427,0.002228,17280804.07,0.538732,63
Yeongyang-gun,Polygon,35,0.915,8,118,19.8,14.001781,-0.523093,-0.000416,0.131313,180747.2983,1193490543,1.252462,0.151721,8.25502,1,-0.000186,0.000343,-0.543331,0,-0.000004,0.000014,-0.295194,0,-0.015718,0.008337,-1.885384,0,-0.000061,0.000039,-1.590779,0,0.060038,0.030489,1.969173,0,-6.074485,5.040927,-1.205033,0,0.227012,1.151493,0.197146,0,0.939337,-0.024337,-0.20759,0.267919,0.000321,15782787.2,0.49546,63
Goesan-gun,Polygon,36,0.755,3,100,19.2,10.97753,-1.256393,-0.008379,0.12,126283.7329,798748909.8,1.230138,0.155519,7.909873,1,-0.000086,0.000483,-0.17869,0,-0.000003,0.000017,-0.181809,0,-0.016568,0.008344,-1.985539,0,-0.000062,0.00004,-1.561905,0,0.065983,0.029358,2.247506,0,-4.504022,4.715448,-0.955163,0,0.738777,1.121884,0.658515,0,0.954274,-0.199274,-1.687429,0.257156,0.020074,17310023.08,0.527688,63
Mungyeong-si,Polygon,37,0.689,1,287,20.3,25.294753,0.431844,-0.002014,0.107595,164616.3103,839084129.3,1.2034,0.163104,7.378121,1,-0.000001,0.000232,-0.003121,0,-0.000001,0.000007,-0.198042,0,-0.015412,0.007785,-1.979752,0,-0.000076,0.000027,-2.816906,1,-0.004999,0.019711,-0.25362,0,1.761422,3.939133,0.44716,0,-0.685191,1.35061,-0.50732,0,0.808782,-0.119782,-1.030133,0.279808,0.008396,39205262.37,0.599527,63
Yecheon-gun,Polygon,38,0.917,14,298,18.3,40.251916,-2.330635,-0.006531,0.060606,184782.1257,913360294.1,1.340139,0.152866,8.76676,1,-0.000082,0.000233,-0.350468,0,-0.000003,0.00001,-0.314586,0,-0.023224,0.007794,-2.979776,1,-0.000085,0.000036,-2.371157,0,0.018667,0.024522,0.761222,0,-0.735439,4.645448,-0.158314,0,0.048783,1.122049,0.043477,0,0.873937,0.043063,0.354574,0.214335,0.000698,27304192.27,0.628686,63
Andong-si,Polygon,39,1.184,15,208,17.1,42.350693,0.515189,-0.000355,0.057432,137487.5782,650392030.2,1.332903,0.142371,9.362157,1,-0.000126,0.000229,-0.550443,0,-0.000002,0.000011,-0.194494,0,-0.023644,0.007785,-3.037094,1,-0.000075,0.000032,-2.304735,0,0.042183,0.026809,1.573466,0,-2.846517,4.600867,-0.618691,0,0.63254,1.075957,0.587886,0,0.98216,0.20184,1.707691,0.255877,0.020421,19327308.48,0.603098,63
Cheongsong-gun,Polygon,40,0.887,29,683,19.4,51.247087,-0.567173,0.006739,0.054223,211523.5758,1545833256,1.262041,0.141568,8.91475,1,-0.000046,0.000334,-0.136261,0,-0.000004,0.000014,-0.28132,0,-0.02029,0.007811,-2.597683,0,-0.000068,0.000036,-1.901479,0,0.055909,0.026962,2.073617,0,-3.059614,4.424692,-0.691486,0,0.952583,1.042393,0.913843,0,0.860272,0.026728,0.208787,0.127107,0.000129,16915161.05,0.573579,63
Yeongcheon-si,Polygon,41,1.334,1,114,19.4,16.528135,0.200014,-0.002778,0.142857,154102.1072,828098635.1,1.175186,0.151588,7.752482,1,0.00011,0.000517,0.212723,0,-0.000007,0.000017,-0.376718,0,-0.01939,0.008216,-2.360071,0,-0.00006,0.000021,-2.794901,1,0.05592,0.026833,2.08397,0,-0.423989,4.611175,-0.091948,0,1.771431,1.044738,1.695574,0,1.062824,0.271176,2.451549,0.348268,0.065403,20787097.66,0.59042,63
Uiseong-gun,Polygon,42,1.189,9.5,958,15.7,60.055494,-0.083673,0.010013,0.089219,144548.9478,913990984.9,1.113398,0.139502,7.981255,1,0.000235,0.00047,0.499543,0,-0.000012,0.000015,-0.785699,0,-0.020861,0.00821,-2.541106,0,-0.000056,0.000012,-4.635624,1,0.024425,0.02504,0.975465,0,4.842152,4.242554,1.141329,0,2.197647,0.980475,2.24141,0,1.016159,0.172841,1.370871,0.153265,0.006927,21858427.97,0.65034,63
Sangju-si,Polygon,43,1.406,9,252,13.5,25.189535,2.626311,0.016066,0.105023,194783.9218,1154029383,1.241839,0.13588,9.139261,1,0.000115,0.000348,0.33218,0,-0.000007,0.000014,-0.494448,0,-0.022564,0.007524,-2.998961,1,-0.000076,0.000035,-2.146685,0,0.041722,0.025703,1.623234,0,0.346676,4.307688,0.080478,0,1.35418,0.961186,1.408864,0,1.191975,0.214025,1.908813,0.330343,0.036603,18016553.39,0.611809,63
Gumi-si,Polygon,44,0.978,23,517,12.6,39.52168,0.020205,0.003609,0.079137,203203.4828,1259293723,1.381904,0.147868,9.34551,1,-0.00002,0.000226,-0.090067,0,-0.000004,0.00001,-0.367196,0,-0.02616,0.00693,-3.774961,1,-0.000101,0.000034,-2.994624,1,0.002807,0.024885,0.112816,0,1.719527,4.576349,0.375742,0,0.014442,0.970882,0.014875,0,1.05328,-0.07528,-0.609112,0.186385,0.001731,24124983.85,0.632915,63
Boeun-gun,Polygon,45,0.71,71,2397,19.8,304.965452,-1.339112,0.012734,0.046568,133702.7069,622700971.4,1.292801,0.139623,9.259227,1,0.000172,0.0003,0.57355,0,-0.000012,0.000013,-0.866366,0,-0.025406,0.007313,-3.474158,1,-0.000094,0.000034,-2.742498,1,0.012889,0.024557,0.524849,0,3.372515,4.242953,0.794851,0,0.971356,0.891523,1.089547,0,0.816518,-0.106518,-0.913263,0.275392,0.006455,17992406.78,0.633797,63
Cheongju-si,Polygon,46,0.856,12,176,13.5,28.893534,-0.148245,-0.005602,0.058394,118539.751,563222794.7,1.283901,0.161311,7.959153,1,0.000008,0.000226,0.033679,0,-0.000003,0.000008,-0.309877,0,-0.021006,0.006798,-3.089839,1,-0.000105,0.000042,-2.504649,0,-0.017233,0.025904,-0.665273,0,4.10017,4.941682,0.829711,0,-0.359124,1.141796,-0.314525,0,0.955531,-0.099531,-0.91948,0.375863,0.010368,42189833.33,0.581222,63
Jung-gu,Polygon,47,0.88,205,10978,17.7,424.407933,0.70911,0.013703,0.044501,157415.176,943295079.2,1.060311,0.164986,6.426657,1,0.000057,0.000226,0.254001,0,0,0.000006,0.024774,0,-0.01201,0.007374,-1.628703,0,-0.000081,0.000032,-2.531994,0,-0.022332,0.021407,-1.04318,0,5.089354,4.048461,1.257108,0,-0.100619,1.305901,-0.077049,0,0.876365,0.003635,0.031301,0.281549,0.000008,51665041.93,0.490712,63
Seo-gu,Polygon,48,0.79,25,2998,16.6,1857.499315,0.959509,0.022042,0.059798,71626.44802,139165988.5,1.250688,0.157418,7.945012,1,0.000031,0.000232,0.132046,0,-0.000003,0.000008,-0.429324,0,-0.023445,0.006725,-3.486272,1,-0.000112,0.000043,-2.573152,0,-0.030087,0.024608,-1.222657,0,6.492246,4.672624,1.389422,0,0.705905,1.053407,0.670116,0,0.801199,-0.011199,-0.096995,0.289865,0.000078,39529283.61,0.581763,63
Daedeok-gu,Polygon,49,0.655,1,762,15,2565.851006,1.123215,0.014153,0.048445,38065.97204,55762553.28,1.248459,0.159879,7.808757,1,0.000041,0.000236,0.174256,0,-0.000004,0.000008,-0.493271,0,-0.023891,0.006824,-3.500941,1,-0.000114,0.000045,-2.534326,0,-0.032248,0.025276,-1.275859,0,6.893193,4.804787,1.434651,0,0.879792,1.06077,0.82939,0,0.697504,-0.042504,-0.468324,0.561253,0.005714,39401902.03,0.580078,63
Yuseong-gu,Polygon,50,0.723,197,810,19.1,2279.741922,-2.647431,0.003537,0.036848,53807.18472,98895612.73,1.225784,0.161842,7.573959,1,0.000045,0.000236,0.191299,0,-0.000004,0.000008,-0.487611,0,-0.023433,0.006845,-3.423588,1,-0.000113,0.000045,-2.498111,0,-0.033186,0.025572,-1.297741,0,7.110708,4.868625,1.460517,0,1.055974,1.074177,0.983054,0,0.678929,0.044071,0.40017,0.353957,0.001787,40665214.06,0.578326,63
Cheonan-si,Polygon,51,0.833,142,1074,20.7,1162.031544,-3.069433,0.000685,0.05268,46863.8005,70376395.14,1.168035,0.165071,7.075936,1,0.00004,0.000228,0.173581,0,-0.000002,0.000007,-0.256132,0,-0.019962,0.006821,-2.926483,1,-0.000102,0.000041,-2.499621,0,-0.030731,0.025246,-1.217272,0,6.629564,4.787568,1.384746,0,0.7496,1.12776,0.66468,0,0.778538,0.054462,0.460281,0.254262,0.001471,46675014.63,0.560427,63
Jincheon-gun,Polygon,52,0.895,481,3351,16.2,948.887625,5.840484,0.040311,0.032974,73058.48176,174973919.8,1.1503,0.166338,6.915438,1,0.000046,0.00023,0.19884,0,-0.000002,0.000007,-0.279137,0,-0.020513,0.00685,-2.99479,1,-0.000101,0.000041,-2.483432,0,-0.032833,0.025161,-1.304922,0,7.117427,4.773125,1.491146,0,1.148311,1.118628,1.026535,0,0.870673,0.024327,0.283995,0.609141,0.00256,45292254.74,0.569158,63
Anseong-si,Polygon,53,0.767,128,11758,20,481.274738,-0.550229,0.011638,0.052152,143485.71,628647551.1,0.892395,0.18522,4.818032,1,0.00006,0.000229,0.261506,0,-0.000001,0.000004,-0.310612,0,-0.007315,0.010058,-0.727261,0,-0.000039,0.000013,-2.909049,1,-0.013093,0.016401,-0.798342,0,4.974142,3.372474,1.474924,0,0.748543,1.502673,0.498141,0,0.825668,-0.058668,-0.494575,0.250464,0.001665,66784953.97,0.657691,63
Yongin-si,Polygon,54,0.911,498,3185,15.1,104.75362,0.921616,0.008326,0.088608,96498.16744,405446457.1,0.986441,0.179945,5.481919,1,0.000061,0.000239,0.253627,0,-0.000001,0.000004,-0.198591,0,-0.010023,0.010017,-1.000628,0,-0.000042,0.000012,-3.430138,1,-0.011007,0.016161,-0.681064,0,4.232029,3.428544,1.234352,0,0.113232,1.524647,0.074268,0,0.893225,0.017775,0.306927,0.821356,0.00882,55686333.64,0.636999,63
Osan-si,Polygon,55,0.741,88.6,7106,25.1,164.490947,0.907433,0.011951,0.071932,131266.207,542334762.8,0.949147,0.209497,4.530607,1,0.000022,0.000289,0.077066,0,-0.000001,0.000004,-0.143276,0,-0.008521,0.011913,-0.715254,0,-0.000033,0.000008,-4.152983,1,-0.000955,0.016643,-0.057352,0,2.489645,3.57114,0.697157,0,0.331811,1.64486,0.201726,0,0.780606,-0.039606,-0.388429,0.446197,0.002476,63040749.19,0.750683,63
Pyeongtaek-si,Polygon,56,0.741,233,8114,17,735.44616,0.228327,0.007379,0.044339,148175.2386,596841792.3,0.910037,0.158176,5.753316,1,-0.000034,0.000202,-0.168377,0,0.000001,0.000003,0.374791,0,-0.003903,0.008502,-0.459006,0,-0.000031,0.000006,-4.972271,1,0.00609,0.014872,0.409473,0,0.729406,3.355604,0.217369,0,-0.520636,1.550028,-0.335888,0,0.806639,-0.065639,-0.521409,0.155872,0.001022,53154908.92,0.711987,63
Okcheon-gun,Polygon,57,0.69,52,7347,22.8,2448.124707,-0.338003,0.008546,0.076963,27938.43293,38738797.59,0.902271,0.158353,5.697855,1,-0.000061,0.000185,-0.329883,0,0.000001,0.000003,0.389643,0,-0.003293,0.008595,-0.383098,0,-0.000031,0.000006,-5.122124,1,0.00731,0.014468,0.505236,0,0.686585,3.309711,0.207446,0,-0.393712,1.558531,-0.252617,0,0.729489,-0.039489,-0.317936,0.178264,0.000447,59761097.11,0.71934,63
Gyeongsan-si,Polygon,58,0.92,123.7,12075,15.4,609.595905,4.233209,0.031224,0.078015,107538.6658,457453092.2,0.920806,0.178069,5.17106,1,-0.00008,0.000191,-0.418823,0,0,0.000003,-0.086069,0,-0.005754,0.010233,-0.562296,0,-0.000033,0.000007,-5.018337,1,0.000388,0.015047,0.025785,0,2.120903,3.453879,0.614064,0,0.41397,1.606811,0.257635,0,0.898674,0.021326,0.184241,0.286312,0.000277,74747033.02,0.7628,63
Cheongdo-gun,Polygon,59,0.754,13,257,17.1,46.904828,-0.287334,-0.000354,0.101382,115299.2407,544913774.5,1.324558,0.159695,8.294284,1,0.000023,0.000235,0.096453,0,-0.000004,0.000009,-0.391185,0,-0.025139,0.006935,-3.625029,1,-0.000114,0.000043,-2.672428,0,-0.024847,0.025339,-0.980587,0,5.475223,4.752522,1.152067,0,0.165878,1.045088,0.158722,0,0.910757,-0.156757,-1.210971,0.107444,0.003595,35174147.64,0.591772,63
Miryang-si,Polygon,60,0.807,60,6290,15.8,314.533908,-0.58717,0.014695,0.055869,103192.268,407273499.7,1.094698,0.136888,7.997038,1,0.000292,0.000448,0.652322,0,-0.000013,0.000014,-0.913996,0,-0.019546,0.007926,-2.466083,0,-0.000055,0.000012,-4.777862,1,0.013857,0.023802,0.582201,0,6.362896,4.065795,1.564982,0,1.771073,0.949362,1.86554,0,0.889685,-0.082685,-0.710107,0.2778,0.00395,20553626.62,0.654366,63
Gimhae-si,Polygon,61,0.909,13,197,13.6,33.936325,1.151966,0.003498,0.065217,155959.0415,696845014.6,1.07661,0.135226,7.961552,1,0.000336,0.00044,0.76434,0,-0.000013,0.000014,-0.946262,0,-0.018359,0.007696,-2.385725,0,-0.000054,0.000011,-4.706317,1,0.007191,0.022851,0.31467,0,7.07055,3.944235,1.792629,0,1.465939,0.933568,1.570255,0,0.955533,-0.046533,-0.374359,0.177023,0.000614,19953938.53,0.644411,63
Chilgok-gun,Polygon,62,0.741,21,1248,21.4,67.261429,0.256001,0.004322,0.082534,136923.8921,781234669.2,1.048685,0.137448,7.629672,1,0.00039,0.000448,0.871791,0,-0.000013,0.000014,-0.923648,0,-0.016561,0.007834,-2.114115,0,-0.000052,0.000011,-4.497808,1,0.003004,0.022635,0.132722,0,7.364775,3.877153,1.899532,0,1.165767,0.959397,1.215104,0,0.81202,-0.07102,-0.558278,0.137998,0.001016,20209916.27,0.621316,63
Dong-gu,Polygon,63,0.838,34,8499,19.2,501.857746,-0.421515,0.01419,0.055232,96882.68463,467076896.6,1.022218,0.136746,7.475282,1,0.000447,0.000464,0.963819,0,-0.000012,0.000014,-0.894891,0,-0.014664,0.007862,-1.865236,0,-0.000049,0.000011,-4.307977,1,0.0015,0.022587,0.06641,0,7.221679,3.819894,1.890544,0,0.897098,0.974796,0.920293,0,0.777608,0.060392,0.594174,0.449733,0.005876,20632026.43,0.589861,63
Goryeong-gun,Polygon,64,0.646,15,1400,24.7,121.200951,-2.6824,0.00248,0.092857,114827.0487,440946723,1.170906,0.148741,7.872138,1,0.000631,0.000547,1.153444,0,-0.000016,0.000017,-0.922975,0,-0.020269,0.008292,-2.444247,0,-0.000087,0.000034,-2.564917,0,0.03134,0.030657,1.022287,0,5.258707,4.48633,1.172162,0,1.201485,0.959644,1.252011,0,0.687591,-0.041591,-0.415302,0.465792,0.003063,20531754.52,0.642129,63
Seongju-gun,Polygon,66,1.038,9,481,17.9,44.01779,0.634436,0.015813,0.115385,132372.6885,386151694.7,1.139713,0.142015,8.025293,1,0.000662,0.000697,0.949266,0,-0.000022,0.000017,-1.314385,0,-0.018382,0.007485,-2.455785,0,-0.000082,0.000018,-4.661894,1,-0.001385,0.029874,-0.046352,0,9.503203,4.687408,2.02739,0,0.501307,0.976393,0.513427,0,1.00967,0.02833,0.255682,0.346031,0.000704,19583174.42,0.604791,63
Gimcheon-si,Polygon,67,1.169,9,547,12.9,39.256286,0.112224,0.005895,0.056522,122506.7206,607863336,1.278816,0.136153,9.392527,1,0.000481,0.000432,1.113842,0,-0.000021,0.000016,-1.254126,0,-0.026453,0.00703,-3.763024,1,-0.000115,0.000036,-3.167709,1,-0.021593,0.02644,-0.816697,0,9.067611,4.601015,1.970785,0,0.72096,0.906518,0.795308,0,1.01788,0.15112,1.228819,0.194408,0.007421,18264262.52,0.625916,63
Yeongdong-gun,Polygon,68,1.062,20,1055,16.3,68.760569,-1.455335,0.00126,0.070588,168984.9144,1002663880,1.375965,0.143388,9.596104,1,0.000204,0.000316,0.645856,0,-0.000014,0.000014,-1.013086,0,-0.029936,0.007271,-4.117253,1,-0.000118,0.000035,-3.399929,1,-0.026101,0.024199,-1.078628,0,7.44817,4.323221,1.722829,0,0.438702,0.890552,0.492618,0,0.947537,0.114463,0.894634,0.128052,0.002394,17243821.39,0.627227,63
Geumsan-gun,Polygon,69,0.866,1,352,20.1,27.820519,-0.653402,-0.003026,0.066667,144550.4296,838665436.3,1.405354,0.157284,8.935123,1,0.000056,0.000266,0.209892,0,-0.000006,0.000012,-0.4959,0,-0.029717,0.007418,-4.006011,1,-0.000121,0.000037,-3.237816,1,-0.027964,0.025065,-1.11568,0,6.404175,4.539908,1.41064,0,0.155652,0.960891,0.161987,0,0.811954,0.054046,0.43335,0.171492,0.000792,22975126.8,0.610567,63
Gongju-si,Polygon,70,0.703,11,1033,24.3,46.061005,2.473458,0.014591,0.114833,121506.6295,572024037.7,1.329764,0.155133,8.571792,1,0.000069,0.000265,0.261479,0,-0.000006,0.00001,-0.629641,0,-0.027379,0.006965,-3.930836,1,-0.000122,0.000045,-2.727595,1,-0.031614,0.024775,-1.276043,0,6.699941,4.633378,1.446016,0,0.798384,1.012384,0.788618,0,0.764386,-0.061386,-0.542022,0.316786,0.002774,30367760.04,0.591419,63
Asan-si,Polygon,71,0.817,20,858,20.8,61.375949,0.867613,0.011929,0.067762,157761.4526,867231545.3,0.955326,0.181518,5.262975,1,0.000082,0.000228,0.360258,0,0,0.000005,-0.074505,0,-0.014293,0.007422,-1.925634,0,-0.000071,0.000032,-2.194458,0,-0.031012,0.023319,-1.329917,0,7.343095,4.391186,1.672235,0,1.863404,1.185216,1.572206,0,0.841995,-0.024995,-0.193835,0.114288,0.000099,50077489.11,0.572421,63
Yesan-gun,Polygon,72,0.904,80,11612,19.9,292.914082,7.010333,0.045051,0.071303,101313.4327,541234545.9,0.883349,0.206442,4.278915,1,-0.000013,0.000211,-0.061184,0,-0.000002,0.000003,-0.611002,0,-0.008303,0.011116,-0.746903,0,-0.000035,0.000011,-3.277503,1,-0.019802,0.018395,-1.076524,0,6.272864,3.838808,1.634066,0,1.400966,1.562965,0.896352,0,0.926928,-0.022928,-0.219967,0.421305,0.000717,81918305.64,0.714618,63
Cheongyang-gun,Polygon,73,0.737,16,1019,14.7,74.042389,4.519816,0.01616,0.073529,125187.9863,530823818.4,0.776935,0.22603,3.437307,1,0.000029,0.000201,0.142342,0,-0.000002,0.000003,-0.620043,0,-0.006666,0.011225,-0.593835,0,-0.000038,0.000013,-2.915966,1,-0.031913,0.022663,-1.408142,0,8.758155,4.497752,1.947229,0,2.208605,1.625558,1.358676,0,0.834087,-0.097087,-0.994099,0.49194,0.019486,71153444.34,0.67062,63
Nonsan-si,Polygon,74,0.899,1,254,24.5,34.859287,1.997369,0.009356,0.1,108725.0941,465582314.3,0.934949,0.200085,4.672756,1,0.000093,0.000228,0.409342,0,-0.000001,0.000004,-0.219017,0,-0.01543,0.008016,-1.924817,0,-0.000068,0.000032,-2.098068,0,-0.032038,0.024899,-1.286713,0,7.698175,4.728872,1.627909,0,2.510939,1.230453,2.040663,0,0.813538,0.085462,0.753539,0.314854,0.005314,50210984.02,0.581063,63
Buyeo-gun,Polygon,75,0.868,20,1966,23.2,104.076548,-1.927213,-0.008411,0.079408,114317.2484,564161367.2,1.257061,0.157501,7.981307,1,0.000061,0.000247,0.247533,0,-0.000005,0.000008,-0.611044,0,-0.025492,0.00684,-3.726816,1,-0.000116,0.000047,-2.453456,0,-0.030934,0.025917,-1.193558,0,6.733013,4.933876,1.36465,0,1.330445,1.039643,1.279713,0,0.753887,0.114113,0.911346,0.16487,0.003339,36784850.45,0.585724,63
Changnyeong-gun,Polygon,76,0.73,12,431,21.3,52.306535,-1.07754,-0.008438,0.072243,137094.7761,627836412.5,1.174752,0.175502,6.693671,1,0.000062,0.000245,0.255332,0,-0.000002,0.000006,-0.390338,0,-0.023711,0.007259,-3.266637,1,-0.000098,0.000042,-2.312693,0,-0.027359,0.025659,-1.066258,0,6.315677,4.857921,1.300078,0,1.872186,1.102656,1.697888,0,0.775813,-0.045813,-0.375079,0.205342,0.00074,39481436.72,0.584667,63
Hapcheon-gun,Polygon,77,0.81,10,959,17.7,60.37021,-1.651731,-0.005311,0.141176,119068.256,521894021.2,1.053524,0.133991,7.862627,1,0.000469,0.000494,0.949212,0,-0.000016,0.000014,-1.125291,0,-0.015196,0.00748,-2.031613,0,-0.000055,0.000011,-4.773988,1,0.002153,0.022436,0.095975,0,7.954154,3.826387,2.078763,0,0.727261,0.927179,0.784381,0,0.827801,-0.017801,-0.1567,0.31259,0.000227,18537626.56,0.600437,63
Uiryeong-gun,Polygon,78,0.636,12.2,214,15,24.333198,-0.572288,-0.010172,0.127389,169027.0311,986784675.5,1.125226,0.131324,8.568335,1,0.00042,0.000671,0.626435,0,-0.000024,0.000017,-1.42571,0,-0.01796,0.00691,-2.59917,0,-0.000079,0.000017,-4.75431,1,-0.026387,0.025563,-1.032216,0,10.532155,4.467379,2.357569,0,0.49871,0.918933,0.542705,0,0.825372,-0.189372,-1.650259,0.298584,0.023609,17297035.41,0.572617,63
Haman-gun,Polygon,79,0.746,7.7,224,13.8,30.977934,-0.978356,-0.011591,0.065217,123044.928,481227952.4,1.021263,0.131593,7.760751,1,0.000611,0.000591,1.032983,0,-0.000019,0.000015,-1.288061,0,-0.012729,0.007373,-1.726463,0,-0.000056,0.000012,-4.729092,1,-0.001987,0.023238,-0.085529,0,8.40894,3.934113,2.137442,0,0.487688,0.924146,0.527717,0,0.780543,-0.034543,-0.289478,0.24155,0.000543,17605805.73,0.557668,63
Geochang-gun,Polygon,80,0.728,14,1076,28.9,73.516608,-2.041484,-0.007855,0.121569,108872.4807,405468508.4,0.991261,0.134876,7.349439,1,0.000653,0.000567,1.150523,0,-0.000017,0.000015,-1.1443,0,-0.011041,0.007761,-1.422508,0,-0.000051,0.000012,-4.415849,1,0.002999,0.023133,0.129636,0,7.577996,3.832103,1.977503,0,0.37312,0.965662,0.386388,0,0.63931,0.08869,0.948177,0.53396,0.020977,18957874.45,0.542603,63
Muju-gun,Polygon,81,1.02,17.2,219,17.5,38.691198,0.662701,0.00897,0.045752,147246.8839,793838289.2,1.25854,0.121307,10.374841,1,0.000268,0.000328,0.818078,0,-0.000024,0.000017,-1.451952,0,-0.025752,0.006216,-4.143037,1,-0.00012,0.000034,-3.564404,1,-0.04864,0.024211,-2.008998,0,11.04,4.365074,2.529167,0,0.864059,0.871984,0.990912,0,0.908918,0.111082,0.887503,0.165551,0.003182,14925995.23,0.602159,63
Hamyang-gun,Polygon,82,0.726,5,140,15.8,20.646636,0.707257,0.005877,0.121951,123233.8308,635489782.8,1.357522,0.143683,9.448067,1,0.000134,0.000329,0.406008,0,-0.00001,0.000015,-0.667692,0,-0.029661,0.007043,-4.211378,1,-0.000129,0.000038,-3.396473,1,-0.041576,0.02427,-1.713056,0,8.853551,4.403544,2.010551,0,0.744635,0.937024,0.794681,0,0.998914,-0.272914,-2.173615,0.160279,0.018365,18934526.95,0.60238,63
Sancheong-gun,Polygon,83,0.734,9,143,15.9,28.680999,-1.078389,-0.009057,0.047904,139542.4078,712854038.2,1.230412,0.122418,10.050928,1,0.000186,0.000411,0.453919,0,-0.000026,0.000024,-1.100216,0,-0.024758,0.006499,-3.809375,1,-0.000112,0.000035,-3.22382,1,-0.049309,0.022909,-2.152319,0,11.000338,4.045136,2.719399,1,1.263285,0.86856,1.454459,0,0.845545,-0.111545,-0.930482,0.234527,0.005402,11138635.26,0.601079,63
Jinju-si,Polygon,84,0.764,10.5,243,18.3,24.79703,1.171139,0.003218,0.071429,130742.6085,771750923.6,1.106246,0.124015,8.920245,1,0.00053,0.000823,0.644024,0,-0.000025,0.000019,-1.320218,0,-0.018536,0.006707,-2.763697,1,-0.000099,0.000041,-2.417339,0,-0.035083,0.023618,-1.485475,0,10.367623,4.109318,2.522955,0,1.08192,0.883769,1.22421,0,0.833576,-0.069576,-0.553193,0.157418,0.001164,11968082.38,0.585152,63
Jangsu-gun,Polygon,85,0.887,60,2028,16.8,224.198005,-1.171848,0.006334,0.050089,147470.7041,723177420,0.990905,0.129254,7.666365,1,0.000756,0.000608,1.241833,0,-0.00002,0.000016,-1.226667,0,-0.010989,0.007329,-1.499302,0,-0.000053,0.000012,-4.480095,1,0.004416,0.023701,0.186316,0,7.198548,3.920049,1.836341,0,0.573259,0.920176,0.622989,0,0.86926,0.01774,0.137589,0.114473,0.00005,15548946.66,0.560446,63
Jinan-gun,Polygon,86,1.125,6,148,16.4,21.691819,-0.840409,-0.005943,0.09375,125509.5461,523627498.4,1.310996,0.129363,10.134266,1,0.000165,0.000344,0.479107,0,-0.000024,0.00003,-0.813501,0,-0.028062,0.006732,-4.168725,1,-0.000122,0.000039,-3.139803,1,-0.044427,0.022256,-1.996168,0,9.470151,3.995246,2.370355,0,1.314548,0.894073,1.470293,0,0.949825,0.175175,1.338035,0.087029,0.003475,12579302.65,0.598607,63
Jeonju-si,Polygon,87,1.315,5,155,10.7,17.228792,1.559626,0.00592,0.152941,136822.8504,783791804.6,1.35651,0.131515,10.314505,1,0.000165,0.000335,0.491572,0,-0.000014,0.000018,-0.80927,0,-0.029381,0.006503,-4.518096,1,-0.000127,0.000042,-3.02973,1,-0.032874,0.021286,-1.544419,0,7.081599,3.897037,1.817175,0,1.14011,0.917707,1.242347,0,1.203558,0.111442,1.130216,0.482129,0.024218,17273652.4,0.597853,63
Wanju-gun,Polygon,88,0.691,156,4805,18.6,1441.745306,-2.547285,0.000516,0.04083,72988.7926,211363535.3,1.400995,0.134518,10.414903,1,0.000177,0.000326,0.541793,0,-0.000013,0.000014,-0.934284,0,-0.029947,0.006447,-4.645132,1,-0.000121,0.000046,-2.651444,0,-0.013678,0.021947,-0.623217,0,3.445218,4.118053,0.836613,0,1.05685,0.926208,1.141051,0,0.712005,-0.021005,-0.188831,0.340878,0.000376,17281744.66,0.593608,63
Iksan-si,Polygon,89,0.893,18,1291,20.6,59.19671,12.211214,0.07267,0.052342,216913.1171,821915863.5,1.367825,0.133648,10.234528,1,0.000144,0.000306,0.471971,0,-0.00001,0.000011,-0.890242,0,-0.029383,0.006437,-4.564918,1,-0.000123,0.000046,-2.702822,1,-0.022262,0.022181,-1.00367,0,5.013563,4.184359,1.198168,0,1.139056,0.935687,1.217347,0,0.896778,-0.003778,-0.058822,0.780315,0.00025,21478824.55,0.593951,63
Imsil-gun,Polygon,90,0.704,48,2337,21.7,256.591317,-1.500035,0.000992,0.052174,102047.6385,515209733.4,1.350995,0.142411,9.486592,1,0.000104,0.000274,0.377643,0,-0.000007,0.000009,-0.816401,0,-0.028855,0.006621,-4.358386,1,-0.000119,0.000047,-2.53277,0,-0.019722,0.023591,-0.836,0,4.593358,4.522922,1.015573,0,1.243412,0.973501,1.277257,0,0.781143,-0.077143,-0.612225,0.154301,0.001393,26365866.95,0.590943,63
Jeongeup-si,Polygon,91,1.285,5,126,14,24.993298,-1.253687,-0.005069,0.096,133047.2282,599112113,1.372708,0.137919,9.952973,1,0.000167,0.00035,0.477567,0,-0.00002,0.00003,-0.674443,0,-0.028418,0.006827,-4.162625,1,-0.000117,0.000045,-2.577968,0,-0.014787,0.023436,-0.63096,0,3.804856,4.183385,0.909516,0,1.182148,0.90584,1.30503,0,1.082944,0.202056,1.585028,0.1344,0.007944,11494564.41,0.588315,63
Namwon-si,Polygon,92,0.875,20,915,20.3,78.452564,-0.694267,0.003778,0.102389,130944.9926,695076263.9,1.414512,0.134934,10.482996,1,0.000096,0.00035,0.274685,0,-0.00002,0.00003,-0.669163,0,-0.027115,0.006556,-4.135719,1,-0.000099,0.000044,-2.259446,0,0.007525,0.024318,0.30945,0,-0.376437,4.390056,-0.085748,0,0.803913,0.909668,0.883744,0,0.915633,-0.040633,-0.316618,0.122738,0.000286,11921253.43,0.571786,63
Sunchang-gun,Polygon,93,0.908,14,402,24.7,53.099551,-1.091895,0.001005,0.115265,158206.2952,752492340.7,1.256336,0.127554,9.849417,1,-0.000059,0.000514,-0.114928,0,-0.000017,0.000029,-0.575028,0,-0.023589,0.006674,-3.534413,1,-0.000099,0.000043,-2.304178,0,-0.020307,0.02242,-0.90576,0,5.370594,3.87288,1.386718,0,1.328195,0.850396,1.561855,0,0.841506,0.066494,0.573426,0.28377,0.002653,8398625.502,0.589357,63
Damyang-gun,Polygon,94,1.008,7.6,106,15.5,28.676044,2.707229,0.014152,0.098485,140183.8936,497535849.2,1.323574,0.130152,10.169487,1,-0.000103,0.00042,-0.24638,0,-0.000015,0.00003,-0.494679,0,-0.02281,0.006601,-3.455392,1,-0.000089,0.000043,-2.071135,0,0.0046,0.023518,0.195587,0,0.190686,4.10549,0.046446,0,0.963583,0.846594,1.138188,0,1.075154,-0.067154,-0.524728,0.127585,0.00082,9065502.908,0.553628,63
Gokseong-gun,Polygon,95,1.132,3,333,12.3,54.147557,0.134381,-0.009279,0.069959,113350.1802,446859028.6,1.306091,0.132928,9.825531,1,-0.000751,0.000971,-0.77312,0,-0.000002,0.000036,-0.066288,0,-0.019735,0.006786,-2.908122,1,-0.00006,0.000062,-0.960175,0,0.016321,0.023764,0.686775,0,-2.250238,4.148701,-0.542396,0,0.859515,0.813155,1.057012,0,1.14028,-0.00828,-0.074389,0.340115,0.000058,8295365.048,0.512569,63
Gurye-gun,Polygon,96,0.846,8,146,25.9,28.408075,1.585671,0.00419,0.141414,115776.8755,538525435.1,1.235058,0.128387,9.619769,1,-0.001265,0.001468,-0.861935,0,0.000008,0.000042,0.188667,0,-0.018128,0.006693,-2.708455,1,-0.000049,0.000069,-0.712365,0,0.006991,0.023155,0.301932,0,0.091291,4.016909,0.022727,0,1.030942,0.801733,1.285892,0,0.912438,-0.066438,-0.591251,0.327433,0.003466,7319206.877,0.541743,63
Hwasun-gun,Polygon,97,0.77,24,74,17.9,30.55366,0.052114,0.000223,0.073684,87991.14963,434560020.5,1.189968,0.126595,9.399775,1,-0.001371,0.001906,-0.719451,0,0.000004,0.000044,0.09868,0,-0.018595,0.006672,-2.787019,1,-0.000019,0.0001,-0.18434,0,-0.005297,0.022906,-0.23124,0,3.416835,3.971944,0.860242,0,1.166102,0.841745,1.385339,0,0.910382,-0.140382,-1.123417,0.168259,0.005199,7543102.425,0.586603,63
Naju-si,Polygon,98,0.898,11,298,21.7,40.571472,-0.844383,-0.003646,0.076503,144628.117,784217415.7,1.21701,0.130652,9.314871,1,-0.000462,0.001482,-0.311442,0,-0.000005,0.000044,-0.102286,0,-0.01452,0.006793,-2.13755,0,-0.000066,0.000077,-0.862331,0,0.019993,0.022498,0.888646,0,-2.672791,3.990744,-0.669748,0,0.849813,0.75066,1.132088,0,0.950695,-0.052695,-0.413729,0.135929,0.000548,7128640.653,0.495485,63
Buk-gu,Polygon,99,1.086,29.8,986,18,99.734236,2.252603,0.009254,0.060215,144786.1761,603752632.8,1.240752,0.132231,9.383187,1,-0.000033,0.001161,-0.028801,0,-0.000014,0.00004,-0.353684,0,-0.01383,0.006814,-2.029496,0,-0.000076,0.000074,-1.036332,0,0.024924,0.022676,1.099124,0,-4.053893,4.01031,-1.010868,0,0.623307,0.770587,0.808874,0,1.02539,0.06061,0.486097,0.17188,0.000999,7671719.997,0.470973,63
Gimje-si,Polygon,101,1.367,21,648,16.6,76.299496,1.836103,0.009487,0.082243,117687.8427,500107258.2,1.413845,0.134275,10.529469,1,0.000158,0.000322,0.490784,0,-0.000013,0.000013,-0.973026,0,-0.029466,0.006415,-4.593147,1,-0.000116,0.000046,-2.558844,0,-0.004214,0.021701,-0.1942,0,1.737833,4.104643,0.423382,0,0.965867,0.926421,1.042579,0,0.999021,0.367979,2.792747,0.075233,0.012921,16065454.56,0.590044,63
Buan-gun,Polygon,102,0.845,0,347,17.2,49.513502,-0.756369,-0.002239,0.096774,100408.2515,456543971.9,1.400762,0.131094,10.685168,1,0.000085,0.000326,0.259473,0,-0.000017,0.000018,-0.901178,0,-0.026316,0.006233,-4.221685,1,-0.000097,0.000042,-2.275626,0,0.009813,0.021498,0.456489,0,-0.821276,4.02906,-0.203838,0,0.806846,0.896207,0.900289,0,1.010114,-0.165114,-1.253919,0.076409,0.002649,12819420.43,0.574351,63
Gochang-gun,Polygon,103,0.891,14,497,18.8,47.094014,0.515087,0.004931,0.130045,112767.3241,606690576.5,1.360631,0.130464,10.429178,1,-0.000033,0.00039,-0.083506,0,-0.000019,0.00003,-0.620155,0,-0.021662,0.006249,-3.466606,1,-0.000076,0.000048,-1.57286,0,0.021265,0.022758,0.934391,0,-3.10681,4.109788,-0.755954,0,0.670018,0.805304,0.832005,0,1.022803,-0.131803,-1.046326,0.154792,0.004083,9949950.573,0.534579,63
Jangseong-gun,Polygon,104,1.152,10.2,300,13.4,45.150211,-0.850427,0.001798,0.070755,114798.4553,518705525.7,1.32524,0.129939,10.198969,1,-0.000174,0.00051,-0.341631,0,-0.000014,0.000031,-0.453176,0,-0.019726,0.0064,-3.082456,1,-0.000072,0.000054,-1.329039,0,0.021106,0.022973,0.918733,0,-3.139992,4.075964,-0.770368,0,0.716745,0.780903,0.917841,0,1.078725,0.073275,0.582476,0.157037,0.001287,8798605.981,0.515092,63
Hampyeong-gun,Polygon,105,1.217,8.2,231,20.4,46.375212,1.001937,0.003054,0.072581,110012.6295,384654981.9,1.283876,0.131712,9.747634,1,-0.00003,0.000735,-0.040176,0,-0.000016,0.000035,-0.467193,0,-0.015608,0.006621,-2.357229,0,-0.000076,0.000067,-1.129084,0,0.026734,0.022804,1.172363,0,-4.471961,4.030749,-1.109461,0,0.539671,0.775363,0.696024,0,1.010258,0.206742,1.600732,0.111477,0.006547,8354172.037,0.477015,63
Jangheung-gun,Polygon,106,1.257,7,176,18.4,31.717217,-0.751612,-0.004902,0.113095,150520.8589,580546159.4,1.15377,0.131998,8.740815,1,0.000568,0.001547,0.367244,0,-0.000029,0.000042,-0.703584,0,-0.010059,0.006985,-1.440103,0,-0.000073,0.000078,-0.942563,0,0.024522,0.022064,1.111417,0,-3.276911,3.924035,-0.835087,0,0.742367,0.785005,0.945685,0,1.046748,0.210252,1.603468,0.084187,0.004813,7722295.522,0.483924,63
Gangjin-gun,Polygon,107,1.468,9,164,20.2,36.988993,-0.287278,-0.005445,0.057803,149221.5995,475429823.5,1.153328,0.135263,8.526556,1,0.000781,0.001552,0.503536,0,-0.000038,0.000041,-0.909982,0,-0.009034,0.00717,-1.259971,0,-0.000078,0.000078,-0.995599,0,0.024829,0.02243,1.106998,0,-3.635491,3.965361,-0.916812,0,0.64445,0.80653,0.79904,0,1.018729,0.449271,3.65342,0.194497,0.065633,8244743.839,0.470092,63
Haenam-gun,Polygon,108,1.356,61,722,13.9,34.840049,-1.265895,-0.004505,0.140065,246771.4412,966374927.7,1.15724,0.138458,8.358041,1,0.001054,0.001524,0.691958,0,-0.000049,0.00004,-1.204822,0,-0.008144,0.007316,-1.113168,0,-0.000082,0.000078,-1.058399,0,0.025077,0.022941,1.093153,0,-3.939671,4.008755,-0.982767,0,0.527235,0.825791,0.63846,0,1.1303,0.2257,2.384931,0.522952,0.126977,9172569.289,0.460328,63
Yeongam-gun,Polygon,109,1.009,12,2498,27.8,47.379238,1.353368,0.016365,0.128834,147303.7922,592844933.7,1.205759,0.138069,8.732999,1,0.000389,0.001526,0.254765,0,-0.000025,0.000043,-0.569697,0,-0.010893,0.007215,-1.509735,0,-0.000082,0.000079,-1.050179,0,0.026618,0.022943,1.160165,0,-4.512828,4.045007,-1.115654,0,0.516721,0.806667,0.640562,0,0.870687,0.138313,1.530311,0.564876,0.061912,8068905.435,0.450264,63
Boseong-gun,Polygon,110,1.092,8,162,19.2,33.037554,-0.57814,-0.014137,0.102564,130937.1742,629288656.7,1.157234,0.128464,9.008251,1,0.000089,0.00157,0.05642,0,-0.000014,0.000044,-0.325549,0,-0.011975,0.006809,-1.758599,0,-0.000065,0.000078,-0.832129,0,0.022489,0.022081,1.018488,0,-2.39425,3.934678,-0.608499,0,0.911619,0.756705,1.204721,0,1.037889,0.054111,0.438342,0.188312,0.000908,7110498.143,0.507993,63
Suncheon-si,Polygon,111,0.897,48,959,17.9,138.807511,-0.036389,0.012689,0.04508,153905.5821,919053252.1,1.157611,0.12391,9.34236,1,-0.000578,0.001536,-0.376306,0,-0.000004,0.00004,-0.098355,0,-0.014304,0.006552,-2.183081,0,-0.000046,0.000077,-0.597356,0,0.014593,0.022111,0.660012,0,-0.12969,3.865924,-0.033547,0,1.049905,0.75089,1.398215,0,0.908811,-0.011811,-0.101802,0.283065,0.000083,7117765.798,0.553138,63
Seocheon-gun,Polygon,112,0.759,9,413,22.6,72.456528,-0.301398,-0.004613,0.082397,103315.4126,361978193.5,1.313962,0.15098,8.70291,1,0.000055,0.000254,0.214384,0,-0.000004,0.000007,-0.646912,0,-0.027659,0.006774,-4.083159,1,-0.000112,0.000044,-2.534166,0,-0.01873,0.023429,-0.799436,0,4.573345,4.492671,1.017957,0,1.395726,1.008335,1.384189,0,0.779061,-0.020061,-0.163402,0.197111,0.000133,30490368.84,0.587845,63
Hongseong-gun,Polygon,113,1.026,20,1126,18.1,108.074322,0.294967,0.01263,0.085,106020.634,460330281.1,0.748443,0.244457,3.061655,1,0.000068,0.000202,0.334012,0,-0.000002,0.000004,-0.59884,0,-0.008294,0.011233,-0.738384,0,-0.000042,0.000017,-2.523341,0,-0.037062,0.025399,-1.459176,0,9.572887,4.966971,1.927309,0,2.984725,1.70994,1.745515,0,0.956372,0.069628,0.607185,0.299546,0.003211,65878720.98,0.617506,63
Seosan-si,Polygon,114,1.017,42,2409,19.1,115.379836,0.143601,0.013732,0.067891,158467.966,705441364.6,0.878756,0.232864,3.773692,1,-0.00014,0.000204,-0.684835,0,-0.000002,0.000003,-0.68927,0,-0.006156,0.012589,-0.489027,0,-0.000036,0.000009,-4.109957,1,-0.030209,0.023162,-1.304294,0,8.734893,4.796975,1.820917,0,1.074092,1.886012,0.569504,0,0.933928,0.083072,0.71152,0.273928,0.00389,98788935.09,0.749611,63
Gimpo-si,Polygon,115,0.836,98,8391,16.9,817.101322,0.642736,0.011895,0.061277,92903.127,279653199.5,0.907163,0.13566,6.687021,1,-0.000005,0.000209,-0.024551,0,0.000004,0.000003,1.146545,0,-0.002135,0.007554,-0.282579,0,-0.000029,0.000006,-4.666484,1,0.014378,0.015263,0.941993,0,-1.57312,3.377743,-0.465731,0,-1.492844,1.72471,-0.865562,0,0.777976,0.058024,0.446065,0.098702,0.000444,58469075.5,0.6441,63
Paju-si,Polygon,116,0.756,98,4359,17.7,335.924197,1.39309,0.008678,0.050697,157794.6556,571119904.3,0.921079,0.13264,6.944229,1,-0.000021,0.000206,-0.103049,0,0.000004,0.000003,1.246944,0,-0.00049,0.007545,-0.064965,0,-0.00003,0.000006,-5.00064,1,0.012149,0.014757,0.823248,0,-1.286956,3.291379,-0.391008,0,-2.262776,1.699838,-1.331171,0,0.809528,-0.053528,-0.404973,0.069397,0.000249,54043456.31,0.650403,63
Goyang-si,Polygon,117,0.695,24,5913,16.2,1780.325104,-0.124682,0.00633,0.049685,92873.83182,272063266.9,0.910767,0.13277,6.859752,1,-0.000008,0.000207,-0.040468,0,0.000004,0.000003,1.168941,0,-0.001787,0.007457,-0.239624,0,-0.000029,0.000006,-4.776337,1,0.013168,0.014741,0.893285,0,-1.354455,3.268789,-0.41436,0,-1.728718,1.72087,-1.004561,0,0.757411,-0.062411,-0.477746,0.090979,0.000465,50701900.86,0.638604,63
Yangju-si,Polygon,118,0.934,22,2471,18.1,378.492061,21.223983,0.104897,0.046073,92201.53219,312616457.3,0.921084,0.132229,6.965814,1,-0.000023,0.000207,-0.108968,0,0.000004,0.000003,1.197498,0,-0.00028,0.007592,-0.036902,0,-0.00003,0.000006,-4.986068,1,0.011362,0.014602,0.778156,0,-1.154758,3.265573,-0.353616,0,-2.366796,1.720865,-1.375353,0,0.925372,0.008628,0.123147,0.738514,0.000872,50874581.54,0.643486,63
Uijeongbu-si,Polygon,119,0.703,104.5,2662,20.2,2565.277438,0.701316,0.007387,0.045509,38590.70861,77402093.5,0.920261,0.130904,7.030047,1,-0.000025,0.000208,-0.118567,0,0.000004,0.000003,1.15142,0,-0.00079,0.007512,-0.10516,0,-0.000029,0.000006,-4.971294,1,0.011035,0.014435,0.764473,0,-1.035744,3.221284,-0.321532,0,-2.205958,1.711961,-1.288556,0,0.736826,-0.033826,-0.255936,0.069542,0.0001,47572627.8,0.637919,63
Namyangju-si,Polygon,120,0.754,156,2758,19,663.029196,-1.35152,0.001577,0.051018,94427.8515,471810133.7,0.920948,0.130863,7.0375,1,-0.000039,0.000228,-0.171757,0,0.000003,0.000004,0.9094,0,-0.001517,0.007575,-0.200226,0,-0.000029,0.000006,-4.821551,1,0.009388,0.014449,0.649746,0,-0.652956,3.219838,-0.202792,0,-1.991196,1.719706,-1.15787,0,0.760553,-0.006553,-0.050503,0.103069,0.000006,44428029.39,0.625362,63
Seongnam-si,Polygon,121,0.672,213,10166,15.5,2894.509222,-0.600095,0.003447,0.043275,49323.43329,144624365.7,0.943317,0.143927,6.554128,1,-0.000064,0.000207,-0.309294,0,0.000004,0.000003,1.169921,0,-0.002183,0.007622,-0.286448,0,-0.000029,0.000006,-4.795167,1,0.010097,0.014541,0.694398,0,-0.599802,3.216154,-0.186497,0,-2.184168,1.815107,-1.203327,0,0.74972,-0.07772,-0.597975,0.100205,0.000811,47823365.87,0.647398,63
Suwon-si,Polygon,122,0.677,285.9,23876,18.2,4437.927615,1.079173,0.016265,0.044357,45680.3372,127395617.3,0.917883,0.156986,5.846919,1,-0.000072,0.000198,-0.364436,0,0.000003,0.000003,0.823884,0,-0.002205,0.008149,-0.27064,0,-0.00003,0.000006,-5.002756,1,0.009796,0.014511,0.675091,0,-0.122175,3.272498,-0.037334,0,-1.309315,1.754175,-0.7464,0,0.739423,-0.062423,-0.547268,0.307002,0.002702,56763280.84,0.679344,63
Haeundae-gu,Polygon,123,0.652,175.9,1392,15.6,3267.142031,-4.320805,-0.005298,0.045116,32073.22478,50575196.38,1.024667,0.138897,7.377189,1,0.000406,0.000454,0.894488,0,-0.000011,0.000014,-0.800583,0,-0.015824,0.008032,-1.970109,0,-0.000048,0.000012,-4.178465,1,0.000691,0.023033,0.029999,0,7.072208,3.944742,1.792819,0,1.172946,1.001956,1.170657,0,0.688297,-0.036297,-0.320708,0.317689,0.000975,22816431.64,0.598334,63
Geumjeong-gu,Polygon,124,0.58,15,2106,14.6,1703.216468,-2.582993,-0.009762,0.04876,32550.98651,61649880.77,1.030105,0.137868,7.471678,1,0.0004,0.000451,0.886838,0,-0.000011,0.000014,-0.825713,0,-0.016143,0.007948,-2.031186,0,-0.000049,0.000012,-4.246982,1,0.00099,0.022892,0.043226,0,7.144727,3.911611,1.826543,0,1.21359,0.986359,1.230373,0,0.680007,-0.100007,-0.831368,0.229235,0.004186,22036986.58,0.604539,63
Changwon-si,Polygon,125,0.774,152,6735,19.2,608.757646,-2.227524,0.001401,0.047497,266695.2621,731747688.6,0.997961,0.13443,7.423657,1,0.000573,0.000518,1.106867,0,-0.000014,0.000014,-1.009516,0,-0.01186,0.007769,-1.52665,0,-0.00005,0.000011,-4.313389,1,0.003305,0.022593,0.146283,0,7.084455,3.760357,1.883985,0,0.473846,0.971562,0.487715,0,0.756137,0.017863,0.159815,0.334528,0.000261,19609131.71,0.554965,63
Goseong-gun,Polygon,126,0.619,5,497,19.3,51.150333,-1.141415,-0.000678,0.098592,157077.1174,491419761.7,0.952214,0.132075,7.209619,1,0.000875,0.00061,1.432991,0,-0.000017,0.000015,-1.071857,0,-0.008248,0.007703,-1.070774,0,-0.000048,0.000012,-4.116095,1,0.015864,0.023549,0.67366,0,5.344774,3.82939,1.395725,0,0.383424,0.966164,0.396852,0,0.802767,-0.183767,-1.42074,0.108845,0.005021,17861537.61,0.559325,63
Sacheon-si,Polygon,127,0.909,18,969,22.5,137.915937,0.903401,0.01342,0.04878,135228.1631,385225149.6,0.989213,0.129392,7.645093,1,0.000825,0.000633,1.3041,0,-0.000018,0.000016,-1.090331,0,-0.010324,0.007353,-1.404075,0,-0.000051,0.000012,-4.294983,1,0.014459,0.023519,0.614786,0,5.324481,3.861155,1.378986,0,0.661329,0.930118,0.711017,0,0.864118,0.044882,0.387132,0.284069,0.001211,13966743.27,0.592903,63
Hadong-gun,Polygon,128,0.868,12,200,16.2,34.891847,-1.162643,-0.004562,0.059459,142496.1103,654759755.1,1.075907,0.12766,8.427893,1,0.000283,0.000967,0.292698,0,-0.000017,0.000022,-0.75576,0,-0.015354,0.006929,-2.21573,0,-0.000064,0.000036,-1.750017,0,-0.004856,0.023291,-0.208493,0,5.996853,3.918604,1.530354,0,1.121683,0.904354,1.240314,0,0.869977,-0.001977,-0.01544,0.12634,0.000001,9678333.878,0.607685,63
Gwangyang-si,Polygon,129,0.996,18,674,17.3,147.303227,0.755395,0.020776,0.051777,138874.3272,459330094.6,1.093737,0.125059,8.745791,1,-0.000278,0.001269,-0.219178,0,-0.000008,0.000027,-0.31102,0,-0.013273,0.006738,-1.969886,0,-0.000035,0.000064,-0.547204,0,0.01237,0.022755,0.543616,0,2.607347,3.879212,0.672133,0,0.954261,0.860858,1.108501,0,0.961178,0.034822,0.303195,0.297394,0.000792,8452221.562,0.600379,63
Namhae-gun,Polygon,130,0.661,8,228,16.4,62.683246,-0.559155,-0.010538,0.083333,160340.8558,341525026.1,0.971268,0.134547,7.218799,1,0.000924,0.000744,1.241944,0,-0.000016,0.000018,-0.890909,0,-0.00681,0.00782,-0.870878,0,-0.000049,0.000012,-3.946877,1,0.034833,0.024681,1.411358,0,2.086173,4.023205,0.518535,0,0.472866,0.991189,0.477069,0,0.858244,-0.197244,-1.595331,0.185759,0.011824,13414270.62,0.611144,63
Tongyeong-si,Polygon,131,0.711,19,1306,18.4,242.530283,-2.322335,-0.000672,0.053381,317402.7046,216168396.6,0.935998,0.134579,6.955015,1,0.000908,0.000621,1.461383,0,-0.000015,0.000016,-0.974021,0,-0.00667,0.007946,-0.839385,0,-0.000046,0.000012,-3.907594,1,0.021835,0.023554,0.927015,0,3.937872,3.852277,1.022219,0,0.277141,1.004278,0.27596,0,0.761079,-0.050079,-0.400162,0.165775,0.000648,19553852.49,0.570275,63
Geoje-si,Polygon,132,0.717,41,3536,19.4,255.960541,-2.098216,0.010339,0.049962,293981.1589,400430060,0.963111,0.133779,7.199283,1,0.000706,0.000563,1.255259,0,-0.000013,0.000015,-0.915223,0,-0.008845,0.007867,-1.12429,0,-0.000047,0.000012,-4.017018,1,0.012771,0.022738,0.56165,0,5.062465,3.754621,1.348329,0,0.294923,1.00606,0.293147,0,0.801662,-0.084662,-0.688971,0.195693,0.002352,20772389.94,0.553363,63
Saha-gu,Polygon,133,0.676,20,1561,17.5,3330.903928,-2.851914,-0.000099,0.040398,47057.0936,37828353.59,1.006027,0.138378,7.270153,1,0.000473,0.000475,0.995264,0,-0.000012,0.000014,-0.830099,0,-0.013506,0.008035,-1.680789,0,-0.000048,0.000012,-4.131001,1,0.002085,0.022847,0.091248,0,6.799623,3.87448,1.754977,0,0.765238,1.009487,0.758047,0,0.626199,0.049801,0.403428,0.188314,0.000769,22205583.52,0.572451,63
Yeongdo-gu,Polygon,134,0.692,44,588,16.8,3780.849582,-1.059068,-0.000902,0.040968,21970.978,14246529.28,1.010035,0.138802,7.276826,1,0.000453,0.000468,0.966476,0,-0.000011,0.000014,-0.807951,0,-0.014129,0.008057,-1.753602,0,-0.000048,0.000012,-4.119713,1,0.001578,0.022937,0.068793,0,6.842741,3.90612,1.7518,0,0.879024,1.012548,0.868131,0,0.633742,0.058258,0.459692,0.14448,0.000727,22750029.95,0.578827,63
Dongnae-gu,Polygon,135,0.672,79,442,12.4,7202.527076,-2.575597,0.001699,0.030618,27501.70951,25693914.33,1.022564,0.138539,7.381037,1,0.000418,0.000457,0.91516,0,-0.000011,0.000014,-0.817575,0,-0.015416,0.008005,-1.925706,0,-0.000048,0.000012,-4.195806,1,0.000896,0.022928,0.039092,0,7.082375,3.914131,1.809437,0,1.08513,0.997869,1.087448,0,0.553229,0.118771,1.017854,0.274735,0.007992,22288766.39,0.594903,63
Suyeong-gu,Polygon,136,0.561,13,640,13.5,8597.760467,0.417898,0.010737,0.054422,16026.90177,9317313.934,1.019829,0.13882,7.346409,1,0.000422,0.000458,0.920337,0,-0.000011,0.000014,-0.805869,0,-0.015246,0.008034,-1.897636,0,-0.000048,0.000012,-4.16402,1,0.000853,0.022984,0.037092,0,7.029935,3.927139,1.790091,0,1.065627,1.004264,1.061103,0,0.531908,0.029092,0.259966,0.332941,0.000687,22685893.29,0.591691,63
Yeonje-gu,Polygon,137,0.646,5,331,13.4,7877.814297,3.131226,0.024755,0.029743,22770.0998,16672884.44,1.020679,0.138292,7.380585,1,0.000424,0.000458,0.925503,0,-0.000011,0.000014,-0.819468,0,-0.01522,0.007995,-1.903775,0,-0.000048,0.000012,-4.190195,1,0.000959,0.022906,0.041885,0,7.061787,3.906173,1.807853,0,1.052793,0.997651,1.055271,0,0.643105,0.002895,0.026387,0.358986,0.000008,22288687.17,0.59236,63
Busanjin-gu,Polygon,138,0.648,13,1019,12.7,6116.812374,2.650153,0.021708,0.039201,21570.93742,18927904.56,1.015378,0.139257,7.291391,1,0.000437,0.000463,0.941954,0,-0.000011,0.000014,-0.812083,0,-0.01465,0.008066,-1.816235,0,-0.000048,0.000012,-4.149456,1,0.001056,0.022963,0.045983,0,6.98907,3.917264,1.784171,0,0.949975,1.009434,0.941097,0,0.721127,-0.073127,-0.611829,0.239071,0.002395,22491627.74,0.585013,63
Gangseo-gu,Polygon,139,0.987,143,1537,14.8,338.213238,-1.135913,-0.003012,0.044405,120504.3331,174174935.8,1.007688,0.137354,7.33641,1,0.00048,0.000477,1.007298,0,-0.000012,0.000014,-0.864407,0,-0.013459,0.007957,-1.691473,0,-0.000048,0.000012,-4.187887,1,0.002132,0.022716,0.093856,0,6.908134,3.83654,1.800616,0,0.739878,0.996028,0.742828,0,0.852009,0.134991,1.145446,0.260208,0.009398,21422004.09,0.573014,63
Goheung-gun,Polygon,140,1.153,18.1,466,18,43.594043,0.545814,-0.002398,0.092251,307051.9811,763171809.4,1.098049,0.12727,8.627728,1,0.000631,0.001422,0.443643,0,-0.000023,0.000037,-0.635958,0,-0.009751,0.006886,-1.415968,0,-0.00006,0.000073,-0.815332,0,0.027402,0.022394,1.223644,0,-2.076304,3.953468,-0.525186,0,1.027631,0.795288,1.29215,0,1.035175,0.117825,0.903569,0.094269,0.00173,7868210.451,0.525208,63
Wando-gun,Polygon,141,1.048,9,1138,19.9,64.183108,-1.476447,-0.006943,0.134694,404834.8279,357364661.1,1.096105,0.135062,8.115553,1,0.001546,0.001514,1.020858,0,-0.00006,0.000039,-1.556403,0,-0.006179,0.007261,-0.850887,0,-0.000077,0.000078,-0.992323,0,0.024554,0.022541,1.089292,0,-3.076644,3.969357,-0.775099,0,0.682254,0.82799,0.823989,0,0.990323,0.057677,0.473169,0.208555,0.001201,9945867.141,0.488352,63
Muan-gun,Polygon,142,0.968,21.8,545,16,95.528822,0.110507,0.007352,0.048973,206099.5557,457778993.7,1.258472,0.136756,9.20235,1,0.000189,0.00115,0.164397,0,-0.00002,0.000039,-0.507536,0,-0.013056,0.007015,-1.861237,0,-0.000082,0.000075,-1.085921,0,0.029012,0.02333,1.243543,0,-5.131663,4.093723,-1.253544,0,0.412437,0.806404,0.511452,0,1.020661,-0.052661,-0.41376,0.137153,0.000554,8544258.293,0.450083,63
Mokpo-si,Polygon,143,0.762,34,1410,22.7,1971.944077,-1.772455,0.00323,0.056518,54725.35453,49840957.8,1.223534,0.139585,8.765489,1,0.000504,0.001402,0.359593,0,-0.00003,0.00004,-0.757983,0,-0.010853,0.007238,-1.499507,0,-0.000085,0.000077,-1.093542,0,0.028022,0.023317,1.201784,0,-4.953231,4.069349,-1.217205,0,0.396143,0.821746,0.482075,0,0.741063,0.020937,0.457266,0.888331,0.033873,8796977.749,0.443086,63
Seogwipo-si,Polygon,144,0.767,24,2338,19,101.473111,-0.541016,-0.000383,0.092181,183633.8592,844733839,0.980338,0.151503,6.470733,1,0.003065,0.00169,1.814171,0,-0.0001,0.000042,-2.375503,0,0.000944,0.00819,0.115224,0,-0.000089,0.000071,-1.253037,0,0.025234,0.024923,1.012492,0,-3.013871,4.379496,-0.688178,0,0.629788,0.910827,0.691446,0,0.874413,-0.107413,-0.95153,0.321234,0.008726,18488290.54,0.503351,63
Jeju-si,Polygon,145,0.844,135,5418,16.2,228.926834,-0.5378,0.008239,0.06298,185096.2542,992858199.8,1.001542,0.147741,6.779054,1,0.002849,0.001643,1.734226,0,-0.000095,0.000041,-2.303035,0,-0.000212,0.007999,-0.026523,0,-0.000088,0.000072,-1.217835,0,0.0252,0.024471,1.029809,0,-3.026952,4.294081,-0.704913,0,0.620833,0.898165,0.691223,0,0.848803,-0.004803,-0.076547,0.790328,0.00045,16978248.68,0.501017,63
Suseong-gu,Polygon,146,0.569,56,746,12.7,2243.462944,-1.693042,0.002677,0.04246,36679.97249,73239961.65,1.102521,0.136501,8.077039,1,0.000331,0.000457,0.72468,0,-0.000014,0.000014,-0.971693,0,-0.018983,0.00776,-2.446298,0,-0.000058,0.000012,-4.908231,1,0.015821,0.024073,0.657226,0,6.545179,4.081192,1.603742,0,1.502297,0.9346,1.607422,0,0.795015,-0.226015,-1.828072,0.185789,0.015529,19873109.71,0.651549,63
Dalseo-gu,Polygon,147,0.684,231,4626,15.8,3749.363665,-3.455884,-0.000839,0.046734,37571.3652,69606502.62,1.111363,0.139381,7.973575,1,0.000415,0.000491,0.845178,0,-0.000015,0.000015,-1.044062,0,-0.018517,0.007754,-2.388106,0,-0.000062,0.000013,-4.961159,1,0.016893,0.0257,0.657302,0,7.092422,4.237818,1.673602,0,1.198286,0.948847,1.262886,0,0.602208,0.081792,0.926524,0.5849,0.024633,19878175.44,0.64544,63
Hwaseong-si,Polygon,148,0.976,199,17383,15.6,503.62575,7.426913,0.043327,0.052291,178623.7736,672800430.6,0.893596,0.161874,5.52033,1,-0.000096,0.000194,-0.495675,0,0.000001,0.000003,0.346325,0,-0.002037,0.008674,-0.234821,0,-0.000032,0.000006,-5.255941,1,0.007723,0.014548,0.530894,0,0.783109,3.373557,0.232131,0,-0.40935,1.677277,-0.244057,0,0.91628,0.05972,0.524083,0.30834,0.002494,68806883.56,0.723925,63
Dangjin-si,Polygon,149,1.025,33,3369,19.1,117.296992,3.148402,0.022894,0.087625,138729.7083,680809867.8,0.911633,0.200513,4.546506,1,-0.000145,0.000197,-0.735341,0,-0.000002,0.000003,-0.517787,0,-0.005319,0.011357,-0.468341,0,-0.000036,0.000008,-4.730538,1,-0.016033,0.019482,-0.822963,0,5.581309,4.291351,1.300595,0,0.6963,1.795795,0.387739,0,0.933367,0.091633,0.762498,0.230734,0.003551,106221660.8,0.773371,63
Boryeong-si,Polygon,150,0.803,20,921,19,84.917489,-1.0481,0.000302,0.079935,170295.7823,579496905.1,0.988915,0.216146,4.575222,1,0.000093,0.000231,0.403165,0,-0.000001,0.000004,-0.353319,0,-0.018568,0.008451,-2.197143,0,-0.000073,0.000035,-2.091585,0,-0.030912,0.02657,-1.163451,0,7.502503,5.077473,1.477606,0,2.757371,1.266608,2.176973,0,0.885536,-0.082536,-0.637514,0.107204,0.000994,49735045.63,0.574151,63
Yeonsu-gu,Polygon,151,0.734,661,8994,15.2,2640.439234,3.833526,0.024723,0.052611,40528.52433,64163849.67,0.91517,0.147187,6.217722,1,-0.000053,0.00021,-0.253758,0,0.000003,0.000003,0.886451,0,-0.002716,0.00774,-0.350975,0,-0.00003,0.000006,-4.976758,1,0.012507,0.015243,0.820478,0,-0.850325,3.375279,-0.251927,0,-1.047878,1.753747,-0.597508,0,0.757093,-0.023093,-0.311034,0.706369,0.004739,63484929.58,0.676141,63
Namdong-gu,Polygon,152,0.592,352,5234,17.8,3883.428571,-5.608468,-0.011003,0.058324,35225.71796,58191534.77,0.920472,0.142265,6.470103,1,-0.000041,0.000209,-0.194372,0,0.000003,0.000003,1.044654,0,-0.002558,0.007613,-0.335982,0,-0.00003,0.000006,-4.868459,1,0.013068,0.015072,0.867019,0,-1.105164,3.332564,-0.331626,0,-1.391702,1.754096,-0.793402,0,0.621853,-0.029853,-0.250081,0.24097,0.000404,58228304.53,0.662557,63
Siheung-si,Polygon,153,0.827,100,25274,19.4,1606.25703,2.560029,0.0221,0.084925,53368.96081,129538666.6,0.922031,0.148603,6.204671,1,-0.000047,0.00021,-0.226613,0,0.000004,0.000003,1.042331,0,-0.002232,0.007814,-0.285628,0,-0.00003,0.000006,-4.855898,1,0.013112,0.015053,0.87106,0,-1.07375,3.343777,-0.321119,0,-1.516407,1.812798,-0.836501,0,0.797042,0.029958,0.251415,0.243678,0.000415,59046605.15,0.661516,63
Ansan-si,Polygon,154,0.754,129,35873,19.5,1620.161698,-4.109618,-0.008671,0.080804,120299.2719,172864658.4,0.907129,0.155256,5.842789,1,-0.000073,0.000208,-0.352129,0,0.000002,0.000003,0.712507,0,-0.002364,0.007992,-0.295792,0,-0.000031,0.000006,-5.144351,1,0.010827,0.014862,0.728489,0,-0.273087,3.323711,-0.082163,0,-0.847638,1.754443,-0.483138,0,0.777004,-0.023004,-0.244205,0.527333,0.001355,63322936.49,0.690881,63
Uiwang-si,Polygon,155,0.755,33,415,17.2,1195.28582,-2.243719,-0.00674,0.035436,37078.86727,49421999.97,0.929492,0.144701,6.423536,1,-0.000053,0.000201,-0.261678,0,0.000003,0.000003,1.038771,0,-0.002629,0.0076,-0.345924,0,-0.000029,0.000006,-4.957274,1,0.010751,0.014438,0.744594,0,-0.576954,3.194624,-0.180602,0,-1.600726,1.739686,-0.920123,0,0.771763,-0.016763,-0.131903,0.139738,0.000058,50802145.94,0.664197,63
Gunpo-si,Polygon,156,0.808,89,3768,21.8,3104.421862,-4.403178,-0.007429,0.04811,26022.64288,34802022.73,0.926451,0.153631,6.030346,1,-0.000062,0.000207,-0.299178,0,0.000004,0.000003,1.023047,0,-0.002082,0.007942,-0.262123,0,-0.00003,0.000006,-4.902341,1,0.01166,0.01469,0.793756,0,-0.705289,3.279121,-0.215085,0,-1.660632,1.846962,-0.899115,0,0.670806,0.137194,1.077373,0.136254,0.003729,56228872.04,0.663194,63
Gwacheon-si,Polygon,157,1.016,10,94,12.7,814.337517,8.81688,0.016292,0.034364,23489.79411,31964552.72,0.92886,0.136656,6.797069,1,-0.000039,0.000202,-0.19472,0,0.000004,0.000003,1.121207,0,-0.002545,0.007386,-0.344504,0,-0.000029,0.000006,-4.904878,1,0.011128,0.014424,0.771453,0,-0.778815,3.182485,-0.244719,0,-1.727577,1.708808,-1.010983,0,0.898902,0.117098,1.160782,0.457939,0.023181,47708963.64,0.654942,63
Gwangmyeong-si,Polygon,158,0.793,83,1898,19.6,2986.095979,-5.465421,-0.028516,0.043729,27475.152,38766880.92,0.925663,0.139414,6.639689,1,-0.000037,0.000207,-0.176726,0,0.000004,0.000003,1.153646,0,-0.002269,0.007522,-0.301698,0,-0.000029,0.000006,-4.829368,1,0.012683,0.014736,0.860672,0,-1.108006,3.258064,-0.340081,0,-1.738596,1.765016,-0.985031,0,0.685109,0.107891,0.876973,0.193788,0.003765,52229841.21,0.652503,63
Gyeyang-gu,Polygon,159,0.55,22,1596,19.4,2759.499231,-6.347501,-0.012272,0.041898,32890.22069,45041568.09,0.915068,0.13509,6.773759,1,-0.00002,0.000208,-0.095198,0,0.000004,0.000003,1.133026,0,-0.002378,0.007455,-0.31903,0,-0.000029,0.000006,-4.776194,1,0.013378,0.014956,0.894546,0,-1.308734,3.303751,-0.396136,0,-1.515904,1.71407,-0.884389,0,0.662418,-0.112418,-0.927821,0.218024,0.004888,53928862.66,0.650795,63
Bupyeong-gu,Polygon,160,0.637,139,8947,16.9,6959.819202,2.539515,0.024536,0.054948,32001.06788,35958691.07,0.918683,0.137378,6.687271,1,-0.000029,0.000208,-0.140736,0,0.000004,0.000003,1.103087,0,-0.002525,0.007495,-0.336889,0,-0.000029,0.000006,-4.819167,1,0.013249,0.015009,0.882704,0,-1.225868,3.313902,-0.369917,0,-1.464025,1.723794,-0.849304,0,0.624652,0.012348,0.093758,0.076101,0.000015,55683625.54,0.656356,63
Bucheon-si,Polygon,161,0.634,142,15502,19.7,6414.914243,-2.671057,-0.000113,0.059207,35896.49532,54902072.34,0.919422,0.136124,6.754297,1,-0.000027,0.000208,-0.130991,0,0.000004,0.000003,1.13715,0,-0.002383,0.007456,-0.319642,0,-0.000029,0.000006,-4.811512,1,0.013063,0.014853,0.879508,0,-1.21507,3.280315,-0.370413,0,-1.581365,1.725736,-0.916342,0,0.612458,0.021542,0.162982,0.069422,0.00004,52968130.69,0.652553,63
Hanam-si,Polygon,163,0.788,72,1160,15,1527.135624,2.172625,0.009607,0.040505,42692.38255,87739752.28,0.929945,0.131866,7.052198,1,-0.000045,0.000214,-0.21158,0,0.000004,0.000003,1.064859,0,-0.002194,0.007435,-0.295064,0,-0.000028,0.000006,-4.796237,1,0.009687,0.014438,0.670931,0,-0.596944,3.193067,-0.18695,0,-1.989701,1.732678,-1.148339,0,0.789181,-0.001181,-0.009015,0.086481,0,43382287.26,0.632963,63
Guri-si,Polygon,164,0.68,84,698,20.7,2421.733895,-1.74394,0.000323,0.04003,29074.45662,32367236.85,0.917896,0.131066,7.003286,1,-0.000019,0.00021,-0.091014,0,0.000004,0.000003,1.102087,0,-0.001731,0.007461,-0.232038,0,-0.000028,0.000006,-4.78032,1,0.011162,0.0144,0.775118,0,-0.950841,3.195023,-0.297601,0,-1.961434,1.754208,-1.118131,0,0.716308,-0.036308,-0.28067,0.108637,0.000196,44652294.25,0.625517,63
Gangdong-gu,Polygon,165,0.629,108,2658,14.4,8295.358306,-0.382852,0.007741,0.043208,23815.68055,28858324.71,0.923116,0.131284,7.031446,1,-0.000029,0.00021,-0.137192,0,0.000004,0.000003,1.107858,0,-0.001981,0.00742,-0.266952,0,-0.000028,0.000006,-4.797212,1,0.010736,0.014388,0.746223,0,-0.835135,3.18607,-0.262121,0,-1.957712,1.744121,-1.122464,0,0.571007,0.057993,0.442248,0.084046,0.000365,44100925.66,0.630061,63
Songpa-gu,Polygon,166,0.543,158.1,3662,14.4,8446.883309,-1.720019,0.00377,0.039303,26282.7054,31763441.71,0.93052,0.13443,6.921964,1,-0.000039,0.00021,-0.183654,0,0.000004,0.000003,1.178398,0,-0.001864,0.007469,-0.249564,0,-0.000028,0.000006,-4.751869,1,0.011027,0.014499,0.760534,0,-0.892659,3.206021,-0.278432,0,-2.138699,1.777097,-1.203479,0,0.566184,-0.023184,-0.178384,0.100268,0.000072,45341150.08,0.635045,63
Seocho-gu,Polygon,167,0.553,86,2233,12.6,3594.667795,1.871277,0.012727,0.052201,36754.46947,46961782.08,0.932777,0.137395,6.789023,1,-0.000038,0.000208,-0.183871,0,0.000004,0.000003,1.229735,0,-0.001869,0.007505,-0.249042,0,-0.000028,0.000006,-4.763843,1,0.011805,0.014546,0.811595,0,-1.03045,3.217408,-0.320273,0,-2.151744,1.799096,-1.196014,0,0.709395,-0.156395,-1.226504,0.133926,0.004737,47678367.69,0.640133,63
Gangnam-gu,Polygon,168,0.558,114,3450,11.7,6067.181174,6.499844,0.030063,0.050333,31188.20426,39832074.27,0.931014,0.13608,6.841667,1,-0.000035,0.000209,-0.166341,0,0.000004,0.000003,1.227844,0,-0.001718,0.007511,-0.228685,0,-0.000028,0.000006,-4.726974,1,0.01178,0.014555,0.809356,0,-1.058421,3.220115,-0.328691,0,-2.206592,1.800626,-1.225458,0,0.683152,-0.125152,-1.001184,0.167667,0.004112,46770419.02,0.635395,63
Nowon-gu,Polygon,169,0.673,114.2,1728,21.7,6119.180006,-2.106891,0.001673,0.03515,28609.69573,40381339.99,0.915279,0.131031,6.985192,1,-0.000014,0.000208,-0.064928,0,0.000004,0.000003,1.132498,0,-0.001397,0.00748,-0.186739,0,-0.000028,0.000006,-4.818576,1,0.011622,0.01443,0.805416,0,-1.080914,3.208694,-0.33687,0,-2.004718,1.744569,-1.149119,0,0.619125,0.053875,0.430123,0.164335,0.000741,45935442.35,0.627793,63
Dobong-gu,Polygon,170,0.518,68,1142,22.7,6682.503625,-2.673928,-0.000687,0.04031,21378.70926,20054567.24,0.914238,0.131301,6.962938,1,-0.000011,0.000207,-0.053832,0,0.000004,0.000003,1.157057,0,-0.001294,0.007485,-0.172867,0,-0.000029,0.000006,-4.82335,1,0.011995,0.014479,0.828448,0,-1.166438,3.220728,-0.362166,0,-2.01052,1.74135,-1.154576,0,0.585649,-0.067649,-0.538379,0.159008,0.001116,46900352.02,0.629829,63
Gangbuk-gu,Polygon,171,0.478,64.5,2985,20.1,6075.327973,-2.82112,-0.005218,0.055932,22891.41572,23076050.55,0.914216,0.131347,6.96032,1,-0.000011,0.000207,-0.055326,0,0.000004,0.000003,1.16158,0,-0.001507,0.007454,-0.202193,0,-0.000028,0.000006,-4.811237,1,0.012166,0.014484,0.839999,0,-1.179214,3.217631,-0.366485,0,-1.937425,1.739577,-1.113733,0,0.585279,-0.107279,-0.802221,0.047447,0.000653,46838738.54,0.63089,63
Jungnang-gu,Polygon,172,0.623,91.8,2972,16.9,10278.52459,-1.247229,0.00365,0.046061,15246.73516,15917775.83,0.916624,0.131292,6.981569,1,-0.000016,0.000208,-0.075821,0,0.000004,0.000003,1.130533,0,-0.001702,0.007452,-0.228439,0,-0.000028,0.000006,-4.776774,1,0.011621,0.014423,0.80567,0,-1.0463,3.19999,-0.32697,0,-1.945946,1.753881,-1.109509,0,0.499209,0.123791,0.946587,0.089027,0.001783,45199112.18,0.627049,63
Eunpyeong-gu,Polygon,173,0.515,106.2,1798,16,7241.389728,0.589187,0.008626,0.051422,27089.81496,32349018.41,0.912008,0.132531,6.881472,1,-0.000008,0.000207,-0.038344,0,0.000004,0.000003,1.174872,0,-0.001736,0.007458,-0.232752,0,-0.000028,0.000006,-4.74573,1,0.012967,0.014632,0.886223,0,-1.316829,3.245259,-0.40577,0,-1.816299,1.743568,-1.041714,0,0.588116,-0.073116,-0.551543,0.063912,0.000423,48476238.06,0.633255,63
Jongno-gu,Polygon,174,0.406,36.4,5600,22.8,3004.043351,-2.030055,-0.006301,0.068616,24236.1871,20798423.79,0.914338,0.13246,6.902755,1,-0.000011,0.000207,-0.051813,0,0.000004,0.000003,1.177291,0,-0.001732,0.007453,-0.232353,0,-0.000028,0.000006,-4.74361,1,0.012689,0.014572,0.870749,0,-1.258403,3.231062,-0.38947,0,-1.876781,1.752243,-1.071073,0,0.664733,-0.258733,-1.992057,0.101436,0.009123,47449902.14,0.63199,63
Seongbuk-gu,Polygon,175,0.588,104,6545,15.7,7990.255786,-2.069106,-0.001431,0.047225,27220.71261,25554899.87,0.913824,0.132136,6.915786,1,-0.000009,0.000207,-0.04575,0,0.000004,0.000003,1.166489,0,-0.001637,0.007467,-0.219277,0,-0.000028,0.000006,-4.740109,1,0.012486,0.014531,0.859257,0,-1.228473,3.224072,-0.381032,0,-1.916415,1.758002,-1.090109,0,0.572525,0.015475,0.116027,0.052451,0.000015,46787189.06,0.628729,63
Dongdaemun-gu,Polygon,176,0.566,80.2,11428,18.5,11933.77072,3.107621,0.017236,0.047287,18625.6304,15877564.75,0.917064,0.132105,6.941933,1,-0.000015,0.000208,-0.072324,0,0.000004,0.000003,1.162035,0,-0.001707,0.007455,-0.228985,0,-0.000028,0.000006,-4.748385,1,0.012078,0.014487,0.833732,0,-1.136078,3.211689,-0.353732,0,-1.955557,1.760582,-1.110745,0,0.517204,0.048796,0.402951,0.218885,0.000927,45952556.49,0.629121,63
Gwangjin-gu,Polygon,177,0.449,87,10143,17.8,9992.773208,-0.910176,0.004643,0.056333,18519.52511,19763781.6,0.922444,0.132585,6.957368,1,-0.000024,0.000209,-0.116417,0,0.000004,0.000003,1.166797,0,-0.001778,0.007448,-0.238668,0,-0.000028,0.000006,-4.757387,1,0.011604,0.01447,0.801906,0,-1.027893,3.204435,-0.320772,0,-2.026629,1.763695,-1.149081,0,0.516066,-0.067066,-0.509962,0.078761,0.000453,45419284.03,0.631472,63
Seongdong-gu,Polygon,178,0.639,68,4756,15.2,7917.251636,-2.768824,-0.00162,0.048674,16439.08151,14690543.72,0.920822,0.133109,6.917824,1,-0.00002,0.000208,-0.09472,0,0.000004,0.000003,1.19198,0,-0.00169,0.007464,-0.226412,0,-0.000028,0.000006,-4.738065,1,0.012176,0.01453,0.837994,0,-1.153181,3.21892,-0.358251,0,-2.027737,1.768516,-1.146575,0,0.558508,0.080492,0.614263,0.08537,0.000717,46414326.48,0.632154,63
Yongsan-gu,Polygon,179,0.547,55,5431,16.2,5345.81061,-4.85138,-0.018032,0.074405,18073.80968,20335372.46,0.922188,0.134264,6.868474,1,-0.000021,0.000208,-0.100656,0,0.000004,0.000003,1.21797,0,-0.00173,0.007472,-0.231506,0,-0.000028,0.000006,-4.736306,1,0.012607,0.014608,0.863013,0,-1.229781,3.234944,-0.380155,0,-2.01756,1.769894,-1.139933,0,0.574391,-0.027391,-0.226543,0.22129,0.000297,47747882.02,0.636343,63
Dongjak-gu,Polygon,180,0.574,95,7289,15.3,10600.51107,-0.832999,0.004855,0.041922,22906.48579,19419249.87,0.925531,0.135939,6.808412,1,-0.000026,0.000208,-0.126383,0,0.000004,0.000003,1.229319,0,-0.001814,0.007492,-0.242099,0,-0.000028,0.000006,-4.74678,1,0.012692,0.014646,0.86659,0,-1.224322,3.241657,-0.377684,0,-2.025997,1.778127,-1.1394,0,0.522055,0.051945,0.39876,0.096112,0.000344,48893172.56,0.639866,63
Seodaemun-gu,Polygon,181,0.57,79.4,7455,14.6,8301.017524,0.303041,0.007188,0.04877,19353.58327,18335040.32,0.915618,0.133018,6.883388,1,-0.000013,0.000207,-0.062761,0,0.000004,0.000003,1.188478,0,-0.0018,0.007449,-0.241608,0,-0.000028,0.000006,-4.744582,1,0.012868,0.014629,0.879673,0,-1.283533,3.241207,-0.396005,0,-1.858651,1.748364,-1.06308,0,0.586276,-0.016276,-0.123014,0.067486,0.000022,48193754.32,0.635617,63
Mapo-gu,Polygon,182,0.476,101.9,5756,16.8,7624.842105,-0.425755,0.005586,0.046279,27967.83624,26310273.3,0.91714,0.133674,6.860999,1,-0.000016,0.000207,-0.076396,0,0.000004,0.000003,1.194848,0,-0.001874,0.007449,-0.251557,0,-0.000028,0.000006,-4.747799,1,0.012991,0.014681,0.884936,0,-1.294318,3.250493,-0.398191,0,-1.841241,1.745784,-1.054678,0,0.591971,-0.115971,-0.863331,0.038853,0.000614,48986374.04,0.639035,63
Yeongdeungpo-gu,Polygon,183,0.635,103.5,15438,16.6,7706.545455,-0.540535,0.010088,0.051887,19270.60769,20159593.21,0.921027,0.134837,6.830686,1,-0.000022,0.000207,-0.105658,0,0.000004,0.000003,1.204142,0,-0.001937,0.007458,-0.259758,0,-0.000029,0.000006,-4.759363,1,0.012911,0.014691,0.878793,0,-1.257692,3.250601,-0.386911,0,-1.873894,1.752658,-1.069172,0,0.611209,0.023791,0.182144,0.091254,0.000068,49450405.57,0.642167,63
Gwanak-gu,Polygon,184,0.394,125,11971,19.4,9623.87555,-1.301928,0.003367,0.059713,24784.36958,31750991.17,0.926264,0.136075,6.807015,1,-0.000034,0.000206,-0.163223,0,0.000004,0.000003,1.169137,0,-0.002262,0.007421,-0.304881,0,-0.000029,0.000006,-4.840156,1,0.012058,0.014557,0.828313,0,-1.01777,3.215593,-0.316511,0,-1.80904,1.740605,-1.039317,0,0.519669,-0.125669,-0.95793,0.083275,0.001698,48876377.91,0.649404,63
Guro-gu,Polygon,185,0.643,249,18646,20.1,9159.004975,-1.539957,0.002401,0.065393,26134.194,19247651,0.921522,0.135969,6.777456,1,-0.000027,0.000207,-0.131041,0,0.000004,0.000003,1.170492,0,-0.002208,0.007453,-0.296316,0,-0.000029,0.000006,-4.798828,1,0.012919,0.014749,0.875908,0,-1.207187,3.259471,-0.370363,0,-1.725106,1.739455,-0.991751,0,0.542973,0.100027,0.798558,0.164256,0.002552,51155145.25,0.648862,63
Yangcheon-gu,Polygon,186,0.533,98,1941,18.9,10384.77011,-2.406818,-0.002715,0.048638,25820.88188,21166305.7,0.919213,0.135252,6.796306,1,-0.00002,0.000208,-0.097817,0,0.000004,0.000003,1.196185,0,-0.001996,0.007471,-0.267149,0,-0.000029,0.000006,-4.750282,1,0.013277,0.014795,0.897392,0,-1.323694,3.273086,-0.404418,0,-1.797036,1.745665,-1.029428,0,0.474591,0.058409,0.450249,0.103597,0.000477,50948880.58,0.643985,63
Geumcheon-gu,Polygon,187,0.559,80,11373,21.4,9245.852535,-1.496083,0.006673,0.084971,22471.74415,15279385.16,0.925763,0.137588,6.728537,1,-0.000033,0.000207,-0.157942,0,0.000004,0.000003,1.184325,0,-0.00215,0.007485,-0.287229,0,-0.000029,0.000006,-4.806941,1,0.012641,0.014682,0.860981,0,-1.141022,3.245901,-0.351527,0,-1.831565,1.762101,-1.039421,0,0.473361,0.085639,0.705291,0.214659,0.002769,50612376.45,0.648397,63
Gunsan-si,Polygon,188,0.796,43,3083,18.8,285.520862,-0.990355,0.006657,0.077514,195961.9276,406201982.9,1.403577,0.142631,9.840628,1,0.000108,0.00029,0.373075,0,-0.000009,0.000009,-0.951402,0,-0.029598,0.006631,-4.463559,1,-0.000119,0.000046,-2.570511,0,-0.008342,0.022495,-0.370863,0,2.567037,4.339794,0.591511,0,1.029466,0.979134,1.051405,0,0.895711,-0.099711,-0.787315,0.145651,0.002152,21879543.34,0.587996,63
Sasang-gu,Polygon,189,0.6,31,1768,17.3,2761.750898,0.141996,0.013972,0.051089,26120.04064,36523945.36,1.012799,0.138811,7.296233,1,0.00045,0.000467,0.962638,0,-0.000012,0.000014,-0.828606,0,-0.014234,0.00804,-1.770328,0,-0.000048,0.000012,-4.161176,1,0.00134,0.022884,0.058566,0,6.974586,3.891672,1.792183,0,0.871059,1.006025,0.865842,0,0.769317,-0.169317,-1.282231,0.071216,0.002567,22121313.33,0.580722,63
Yeosu-si,Polygon,190,0.853,48,1946,14.8,250.448435,-1.447958,0.000101,0.049307,427721.7788,508997598.4,1.047479,0.126557,8.276727,1,0.000592,0.001094,0.541128,0,-0.000015,0.000025,-0.584169,0,-0.009969,0.006936,-1.43729,0,-0.000052,0.000019,-2.715767,1,0.033819,0.023895,1.415354,0,-0.045097,4.000453,-0.011273,0,1.131632,0.848193,1.334169,0,0.893548,-0.040548,-0.326784,0.179881,0.000477,9345679.932,0.586448,63
Anyang-si,Polygon,191,0.811,121,4048,17.5,3889.065437,-1.75155,0.000668,0.044752,34018.50139,58323898.39,0.930561,0.143761,6.472958,1,-0.000047,0.000206,-0.229385,0,0.000004,0.000003,1.13631,0,-0.002262,0.007616,-0.297045,0,-0.000029,0.000006,-4.860929,1,0.01198,0.014621,0.819388,0,-0.916377,3.237337,-0.283065,0,-1.81418,1.799404,-1.008212,0,0.684632,0.126368,0.944177,0.045853,0.000872,52020699.93,0.654763,63
Jindo-gun,Polygon,192,0.908,6,594,16.4,37.299673,-0.839981,-0.00181,0.140845,226543.4334,448189402.8,1.150348,0.142035,8.099065,1,0.001423,0.001517,0.938038,0,-0.000061,0.00004,-1.527775,0,-0.00687,0.007503,-0.915599,0,-0.000087,0.000078,-1.116397,0,0.025309,0.023634,1.070891,0,-4.100139,4.083528,-1.004068,0,0.429801,0.847856,0.506926,0,1.053469,-0.145469,-1.218136,0.24038,0.009562,10656895.02,0.456616,63
Sinan-gun,Polygon,193,1.164,7,330,16.3,32.807128,3.412923,0.005959,0.141935,765934.8764,794477703,1.241057,0.140814,8.813477,1,0.00064,0.001182,0.541083,0,-0.000038,0.000036,-1.05227,0,-0.010765,0.007235,-1.487845,0,-0.000086,0.000076,-1.126291,0,0.029701,0.02397,1.239061,0,-5.352648,4.126718,-1.297071,0,0.266408,0.84418,0.315582,0,1.16207,0.00193,0.01829,0.406991,0.000005,10179008.29,0.441264,63
Ulleung-gun,Polygon,194,0.789,2,73,5.7,75.979395,2.283675,0.022997,0.052632,34482.00725,78092371.89,0.945276,0.156369,6.045172,1,-0.000181,0.000549,-0.329353,0,0.000006,0.000021,0.267329,0,0.006548,0.008354,0.783823,0,-0.000055,0.000032,-1.714515,0,0.06527,0.03358,1.943737,0,-9.836867,5.690463,-1.728659,0,-0.949714,1.200189,-0.791304,0,0.851307,-0.062307,-0.961072,0.776125,0.06521,19691708.29,0.414863,63